Owner,Repo,Author,CommentId,LastUpdated,CreatedAt,IssueNumber
willmcgugan,rich,willmcgugan,750914420,1608824671000,1608824671000,851
willmcgugan,rich,PyGamer0,751225889,1608890988000,1608890988000,851
willmcgugan,rich,willmcgugan,750311166,1608731805000,1608731805000,850
willmcgugan,rich,jack1142,750401359,1608744860000,1608744860000,850
willmcgugan,rich,willmcgugan,750913625,1608824430000,1608824430000,850
willmcgugan,rich,jack1142,750930422,1608830297000,1608830268000,850
willmcgugan,rich,jack1142,749816836,1608677163000,1608677163000,849
willmcgugan,rich,willmcgugan,750310063,1608731643000,1608731643000,849
willmcgugan,rich,jack1142,750396479,1608744073000,1608744073000,849
willmcgugan,rich,willmcgugan,750917159,1608825556000,1608825556000,849
willmcgugan,rich,willmcgugan,749561367,1608646659000,1608646659000,845
willmcgugan,rich,codemicro,749586115,1608649522000,1608649522000,845
willmcgugan,rich,willmcgugan,749184992,1608583086000,1608583086000,844
willmcgugan,rich,willmcgugan,748595303,1608463846000,1608463832000,841
willmcgugan,rich,willmcgugan,748517971,1608407790000,1608407790000,840
willmcgugan,rich,Imipenem,748520598,1608409389000,1608409389000,840
willmcgugan,rich,willmcgugan,748523614,1608411323000,1608411323000,840
willmcgugan,rich,Imipenem,748524927,1608412001000,1608412001000,840
willmcgugan,rich,willmcgugan,748489970,1608392530000,1608392530000,838
willmcgugan,rich,willmcgugan,748479736,1608387056000,1608387056000,837
willmcgugan,rich,willmcgugan,748250673,1608316690000,1608316690000,836
willmcgugan,rich,AcidWeb,748251992,1608316868000,1608316868000,836
willmcgugan,rich,blueyed,748531341,1608415475000,1608415475000,836
willmcgugan,rich,willmcgugan,748179461,1608307844000,1608307844000,832
willmcgugan,rich,serhiy-storchaka,748249260,1608316496000,1608316496000,832
willmcgugan,rich,Mr-Milk,747404834,1608207431000,1608207431000,830
willmcgugan,rich,willmcgugan,748169689,1608306749000,1608306749000,830
willmcgugan,rich,willmcgugan,747401447,1608206978000,1608206978000,829
willmcgugan,rich,tuukkamustonen,747434325,1608211162000,1608211162000,829
willmcgugan,rich,thebigmunch,747476122,1608215982000,1608215809000,829
willmcgugan,rich,willmcgugan,747511782,1608219126000,1608219126000,829
willmcgugan,rich,tuukkamustonen,747909959,1608274933000,1608274933000,829
willmcgugan,rich,willmcgugan,748333862,1608327797000,1608327797000,829
willmcgugan,rich,willmcgugan,748179643,1608307865000,1608307865000,828
willmcgugan,rich,willmcgugan,748180227,1608307930000,1608307930000,827
willmcgugan,rich,willmcgugan,747356562,1608201334000,1608201334000,826
willmcgugan,rich,willmcgugan,747055606,1608154550000,1608154550000,825
willmcgugan,rich,M4cs,747170946,1608173686000,1608173686000,825
willmcgugan,rich,willmcgugan,747054648,1608154420000,1608154420000,824
willmcgugan,rich,willmcgugan,747341500,1608199652000,1608199652000,511
willmcgugan,rich,willmcgugan,745956932,1608109646000,1608109646000,509
willmcgugan,rich,willmcgugan,747094435,1608159988000,1608159988000,508
willmcgugan,rich,willmcgugan,745982318,1608110866000,1608110866000,507
willmcgugan,rich,willmcgugan,745961657,1608109862000,1608109862000,505
willmcgugan,rich,willmcgugan,745992549,1608111492000,1608111492000,504
willmcgugan,rich,Taboodaddyy,746405795,1608129945000,1608129945000,503
willmcgugan,rich,willmcgugan,745979190,1608110675000,1608110675000,502
willmcgugan,rich,robinwhittleton,745984246,1608111018000,1608111018000,502
willmcgugan,rich,robinwhittleton,747276235,1608191719000,1608191719000,502
willmcgugan,rich,willmcgugan,745459370,1608054835000,1608054835000,501
willmcgugan,rich,acabal,745461987,1608055107000,1608055107000,501
willmcgugan,rich,willmcgugan,745473132,1608056287000,1608056287000,501
willmcgugan,rich,acabal,745476408,1608056927000,1608056638000,501
willmcgugan,rich,willmcgugan,745517487,1608060808000,1608060808000,501
willmcgugan,rich,acabal,745607604,1608071278000,1608071278000,501
willmcgugan,rich,willmcgugan,745281270,1608038286000,1608038286000,499
willmcgugan,rich,donno2048,745296060,1608039990000,1608039990000,499
willmcgugan,rich,willmcgugan,745240803,1608033200000,1608033200000,498
willmcgugan,rich,willmcgugan,745237470,1608032760000,1608032760000,497
willmcgugan,rich,tgdn,745241714,1608033316000,1608033316000,497
willmcgugan,rich,willmcgugan,745242336,1608033396000,1608033396000,497
willmcgugan,rich,tgdn,745242758,1608033450000,1608033450000,497
willmcgugan,rich,willmcgugan,745244689,1608033709000,1608033709000,497
willmcgugan,rich,willmcgugan,745993867,1608111567000,1608111567000,497
willmcgugan,rich,willmcgugan,745241077,1608033238000,1608033238000,495
willmcgugan,rich,willmcgugan,745136701,1608021152000,1608021152000,494
willmcgugan,rich,davised,744818707,1607989361000,1607989361000,493
willmcgugan,rich,willmcgugan,745256021,1608035136000,1608035136000,493
willmcgugan,rich,jihatlussy,744611655,1607968972000,1607968972000,491
willmcgugan,rich,ThaGrimeyone,744530429,1607961040000,1607961040000,490
willmcgugan,rich,willmcgugan,744531793,1607961175000,1607961175000,490
willmcgugan,rich,ThaGrimeyone,744527452,1607960764000,1607960764000,489
willmcgugan,rich,ThaGrimeyone,744527672,1607960787000,1607960787000,489
willmcgugan,rich,willmcgugan,744527962,1607960810000,1607960810000,489
willmcgugan,rich,ThaGrimeyone,744533448,1607961322000,1607961322000,489
willmcgugan,rich,willmcgugan,744536817,1607961626000,1607961626000,489
willmcgugan,rich,willmcgugan,744537313,1607961667000,1607961667000,486
willmcgugan,rich,willmcgugan,744040127,1607880354000,1607880354000,485
willmcgugan,rich,nathanrpage97,744063852,1607891320000,1607891320000,485
willmcgugan,rich,willmcgugan,744537628,1607961695000,1607961695000,485
willmcgugan,rich,Azharu1,744549798,1607962836000,1607962836000,485
willmcgugan,rich,jph00,744560720,1607963837000,1607963837000,485
willmcgugan,rich,willmcgugan,748179893,1608307892000,1608307892000,485
willmcgugan,rich,willmcgugan,743727349,1607764015000,1607764015000,481
willmcgugan,rich,nicofirst1,743727469,1607764795000,1607764111000,481
willmcgugan,rich,nicofirst1,743731000,1607766145000,1607766145000,481
willmcgugan,rich,willmcgugan,743734199,1607768037000,1607768037000,481
willmcgugan,rich,nicofirst1,743734881,1607768431000,1607768431000,481
willmcgugan,rich,willmcgugan,743737958,1607770125000,1607770125000,481
willmcgugan,rich,nicofirst1,743741699,1607772188000,1607772188000,481
willmcgugan,rich,nicofirst1,743742485,1607772661000,1607772661000,481
willmcgugan,rich,nicofirst1,743743220,1607773052000,1607773052000,481
willmcgugan,rich,willmcgugan,743743533,1607773234000,1607773234000,481
willmcgugan,rich,willmcgugan,743223156,1607696868000,1607696868000,478
willmcgugan,rich,willmcgugan,743749031,1607776247000,1607776247000,477
willmcgugan,rich,willmcgugan,741648001,1607506030000,1607506030000,476
willmcgugan,rich,frozen47,741662048,1607507586000,1607507586000,476
willmcgugan,rich,willmcgugan,743749055,1607776260000,1607776260000,475
willmcgugan,rich,willmcgugan,740195402,1607377100000,1607377100000,474
willmcgugan,rich,nathanrpage97,739718898,1607324968000,1607324968000,472
willmcgugan,rich,DarrenIce,739720146,1607325117000,1607325117000,472
willmcgugan,rich,nathanrpage97,739729093,1607326263000,1607326229000,472
willmcgugan,rich,willmcgugan,739764458,1607330174000,1607330174000,472
willmcgugan,rich,DarrenIce,739772102,1607330998000,1607330998000,472
willmcgugan,rich,canbooo,744814362,1607989175000,1607989175000,471
willmcgugan,rich,willmcgugan,743225661,1607697134000,1607697134000,470
willmcgugan,rich,mc436572,743229821,1607697579000,1607697579000,470
willmcgugan,rich,willmcgugan,743234142,1607698027000,1607698027000,470
willmcgugan,rich,willmcgugan,739518472,1607268447000,1607268447000,469
willmcgugan,rich,withshubh,739524196,1607270952000,1607270952000,469
willmcgugan,rich,willmcgugan,739254143,1607176498000,1607176498000,467
willmcgugan,rich,lagmoellertim,739314764,1607184278000,1607184278000,467
willmcgugan,rich,willmcgugan,739333831,1607194154000,1607194154000,467
willmcgugan,rich,lagmoellertim,739445596,1607222143000,1607222143000,467
willmcgugan,rich,willmcgugan,738755998,1607084666000,1607084666000,466
willmcgugan,rich,blueset,739520479,1607269221000,1607269221000,466
willmcgugan,rich,nathanrpage97,738569913,1607058928000,1607058928000,465
willmcgugan,rich,nathanrpage97,738573457,1607059646000,1607059646000,465
willmcgugan,rich,DarrenIce,738582812,1607061377000,1607061363000,465
willmcgugan,rich,nathanrpage97,738598350,1607063968000,1607063942000,465
willmcgugan,rich,DarrenIce,738598823,1607064020000,1607064020000,465
willmcgugan,rich,DarrenIce,738599477,1607064137000,1607064113000,465
willmcgugan,rich,nathanrpage97,738600296,1607064236000,1607064236000,465
willmcgugan,rich,nathanrpage97,738601533,1607064430000,1607064430000,465
willmcgugan,rich,DarrenIce,738602695,1607064609000,1607064609000,465
willmcgugan,rich,nathanrpage97,738604912,1607065316000,1607064929000,465
willmcgugan,rich,nathanrpage97,738607262,1607065286000,1607065286000,465
willmcgugan,rich,willmcgugan,738666040,1607073127000,1607073127000,465
willmcgugan,rich,DarrenIce,738668867,1607073435000,1607073435000,465
willmcgugan,rich,heavelock,737855451,1606991669000,1606991655000,461
willmcgugan,rich,willmcgugan,737856284,1606991750000,1606991750000,461
willmcgugan,rich,willmcgugan,736692727,1606842782000,1606842782000,460
willmcgugan,rich,willmcgugan,736681982,1606841852000,1606841852000,459
willmcgugan,rich,bartzy,736776811,1606851914000,1606851914000,459
willmcgugan,rich,willmcgugan,737111978,1606901875000,1606901875000,459
willmcgugan,rich,willmcgugan,735892726,1606753625000,1606753625000,458
willmcgugan,rich,bradh11,735893963,1606753743000,1606753743000,458
willmcgugan,rich,bradh11,735895033,1606753850000,1606753850000,458
willmcgugan,rich,willmcgugan,735896675,1606754017000,1606754017000,458
willmcgugan,rich,bradh11,735942485,1606758812000,1606758812000,458
willmcgugan,rich,willmcgugan,735948901,1606759518000,1606759518000,458
willmcgugan,rich,bradh11,735951341,1606759784000,1606759784000,458
willmcgugan,rich,bradh11,735952364,1606759900000,1606759900000,458
willmcgugan,rich,willmcgugan,736003004,1606765738000,1606765738000,458
willmcgugan,rich,willmcgugan,736683377,1606841963000,1606841963000,457
willmcgugan,rich,mheden,737071163,1606897239000,1606897239000,457
willmcgugan,rich,willmcgugan,737115653,1606902276000,1606902276000,457
willmcgugan,rich,mheden,737124473,1606903209000,1606903209000,457
willmcgugan,rich,willmcgugan,743749142,1607776310000,1607776310000,457
willmcgugan,rich,willmcgugan,735881746,1606752546000,1606752546000,456
willmcgugan,rich,willmcgugan,743257027,1607700220000,1607700220000,455
willmcgugan,rich,willmcgugan,735388192,1606653895000,1606653895000,454
willmcgugan,rich,hhoeflin,735390267,1606654834000,1606654834000,454
willmcgugan,rich,bandoos,735311225,1606610654000,1606610654000,453
willmcgugan,rich,willmcgugan,735390415,1606654882000,1606654882000,453
willmcgugan,rich,bandoos,738232628,1607022550000,1607022550000,453
willmcgugan,rich,willmcgugan,737535812,1606948325000,1606948325000,451
willmcgugan,rich,willmcgugan,735268157,1606585431000,1606585431000,450
willmcgugan,rich,hhoeflin,735353917,1606633846000,1606633846000,450
willmcgugan,rich,willmcgugan,735435682,1606674655000,1606674655000,449
willmcgugan,rich,willmcgugan,736693557,1606842857000,1606842857000,449
willmcgugan,rich,Mr-Milk,736972170,1606881012000,1606881012000,449
willmcgugan,rich,willmcgugan,737533782,1606948051000,1606948051000,449
willmcgugan,rich,kdcloverkid,740190674,1607376506000,1607376506000,449
willmcgugan,rich,kdcloverkid,740190728,1607376513000,1607376513000,449
willmcgugan,rich,willmcgugan,743749299,1607776377000,1607776377000,449
willmcgugan,rich,willmcgugan,734302245,1606397744000,1606397744000,447
willmcgugan,rich,dongkwan-kim,734308841,1606398565000,1606398565000,447
willmcgugan,rich,willmcgugan,734436717,1606415444000,1606415444000,446
willmcgugan,rich,willmcgugan,732107851,1606131579000,1606131579000,442
willmcgugan,rich,jabbalaci,732110031,1606131822000,1606131822000,442
willmcgugan,rich,willmcgugan,732118133,1606132803000,1606132803000,442
willmcgugan,rich,jabbalaci,732124078,1606133547000,1606133527000,442
willmcgugan,rich,willmcgugan,732125969,1606133750000,1606133750000,442
willmcgugan,rich,jabbalaci,732128306,1606134045000,1606134045000,442
willmcgugan,rich,willmcgugan,732139396,1606135448000,1606135448000,442
willmcgugan,rich,jabbalaci,732149180,1606136713000,1606136713000,442
willmcgugan,rich,willmcgugan,731081700,1605867674000,1605867674000,440
willmcgugan,rich,schneiderfelipe,731134669,1605874354000,1605874354000,440
willmcgugan,rich,willmcgugan,731147483,1605876026000,1605876026000,440
willmcgugan,rich,schneiderfelipe,731151633,1605876593000,1605876593000,440
willmcgugan,rich,willmcgugan,730320981,1605786481000,1605786481000,439
willmcgugan,rich,erezsh,730325511,1605787062000,1605787062000,439
willmcgugan,rich,erezsh,730328174,1605787398000,1605787398000,439
willmcgugan,rich,willmcgugan,730328764,1605787520000,1605787473000,439
willmcgugan,rich,erezsh,730332107,1605787891000,1605787891000,439
willmcgugan,rich,willmcgugan,727941843,1605528912000,1605528912000,438
willmcgugan,rich,ssbarnea,727946275,1605529482000,1605529482000,438
willmcgugan,rich,ssbarnea,743237091,1607698339000,1607698339000,438
willmcgugan,rich,willmcgugan,743246825,1607699277000,1607699277000,438
willmcgugan,rich,ssbarnea,743261416,1607700621000,1607700621000,438
willmcgugan,rich,willmcgugan,726689924,1605263931000,1605263931000,436
willmcgugan,rich,Star9daisy,727143359,1605328672000,1605328672000,436
willmcgugan,rich,willmcgugan,724612770,1605004089000,1605004089000,434
willmcgugan,rich,paw-lu,724750025,1605019770000,1605019770000,434
willmcgugan,rich,willmcgugan,724773894,1605021919000,1605021919000,434
willmcgugan,rich,paw-lu,726456017,1605232368000,1605232368000,434
willmcgugan,rich,willmcgugan,723936837,1604919331000,1604919331000,433
willmcgugan,rich,turbaszek,723969029,1604923135000,1604923135000,433
willmcgugan,rich,willmcgugan,723977269,1604924170000,1604924170000,433
willmcgugan,rich,willmcgugan,723615288,1604852331000,1604852331000,432
willmcgugan,rich,asvetlov,723623659,1604853187000,1604853187000,432
willmcgugan,rich,romasku,728070268,1605535404000,1605535404000,432
willmcgugan,rich,willmcgugan,728835687,1605608706000,1605608706000,432
willmcgugan,rich,willmcgugan,736697581,1606843241000,1606843241000,432
willmcgugan,rich,asvetlov,738759183,1607085121000,1607085121000,432
willmcgugan,rich,willmcgugan,723024806,1604661228000,1604661228000,429
willmcgugan,rich,mlavasi,723026835,1604661524000,1604661524000,429
willmcgugan,rich,willmcgugan,723027156,1604661570000,1604661570000,429
willmcgugan,rich,willmcgugan,721143788,1604413157000,1604413157000,428
willmcgugan,rich,fridex,721169035,1604415241000,1604415241000,428
willmcgugan,rich,The-Compiler,720520501,1604328850000,1604328850000,426
willmcgugan,rich,willmcgugan,720534543,1604330214000,1604330214000,426
willmcgugan,rich,willmcgugan,720478788,1604324468000,1604324468000,425
willmcgugan,rich,willmcgugan,720480880,1604324685000,1604324685000,424
willmcgugan,rich,willmcgugan,723571587,1604838942000,1604838942000,423
willmcgugan,rich,willmcgugan,743232696,1607697876000,1607697876000,421
willmcgugan,rich,willmcgugan,720071762,1604229280000,1604229280000,420
willmcgugan,rich,frostming,726576184,1605252932000,1605252932000,420
willmcgugan,rich,willmcgugan,719939782,1604153658000,1604153658000,419
willmcgugan,rich,pwwang,720023115,1604203357000,1604203357000,419
willmcgugan,rich,willmcgugan,719940830,1604154180000,1604154180000,418
willmcgugan,rich,willmcgugan,735880438,1606752410000,1606752410000,418
willmcgugan,rich,willmcgugan,743749537,1607776495000,1607776495000,418
willmcgugan,rich,willmcgugan,719462920,1604052553000,1604052553000,417
willmcgugan,rich,Schira4396,719470614,1604053480000,1604053480000,417
willmcgugan,rich,willmcgugan,719471984,1604053646000,1604053646000,417
willmcgugan,rich,Schira4396,719472848,1604053755000,1604053755000,417
willmcgugan,rich,willmcgugan,718846363,1603986802000,1603986802000,416
willmcgugan,rich,iMashhadi,718850680,1603987198000,1603987198000,416
willmcgugan,rich,willmcgugan,718852149,1603987335000,1603987335000,416
willmcgugan,rich,willmcgugan,718576401,1603965865000,1603965865000,415
willmcgugan,rich,iMashhadi,718589091,1603966407000,1603966407000,415
willmcgugan,rich,willmcgugan,718593326,1603966587000,1603966587000,415
willmcgugan,rich,willmcgugan,717384281,1603817929000,1603817929000,413
willmcgugan,rich,willmcgugan,716135094,1603626603000,1603626603000,408
willmcgugan,rich,FedeClaudi,716135396,1603626748000,1603626748000,408
willmcgugan,rich,kpister,718106011,1603912219000,1603907614000,408
willmcgugan,rich,willmcgugan,718167756,1603914326000,1603914326000,408
willmcgugan,rich,willmcgugan,719937153,1604152358000,1604152358000,407
willmcgugan,rich,willmcgugan,719943426,1604155501000,1604155501000,407
willmcgugan,rich,willmcgugan,740747857,1607445454000,1607445454000,406
willmcgugan,rich,willmcgugan,715918336,1603547542000,1603547542000,403
willmcgugan,rich,pwwang,715926974,1603551585000,1603551585000,403
willmcgugan,rich,willmcgugan,715927635,1603551880000,1603551880000,403
willmcgugan,rich,pwwang,716055437,1603573737000,1603573737000,403
willmcgugan,rich,Edward-Knight,714657572,1603389111000,1603389111000,401
willmcgugan,rich,ibeex,715204368,1603443527000,1603443527000,401
willmcgugan,rich,willmcgugan,715917126,1603546983000,1603546983000,401
willmcgugan,rich,juniorRubyist,719878547,1604116204000,1604116204000,401
willmcgugan,rich,willmcgugan,719940462,1604154005000,1604154005000,401
willmcgugan,rich,juniorRubyist,719958998,1604163000000,1604163000000,401
willmcgugan,rich,willmcgugan,735880298,1606752398000,1606752398000,401
willmcgugan,rich,willmcgugan,714369900,1603359717000,1603359717000,400
willmcgugan,rich,1dancook,714435700,1603366931000,1603366931000,400
willmcgugan,rich,willmcgugan,715421416,1603467824000,1603467824000,398
willmcgugan,rich,willmcgugan,715419792,1603467654000,1603467654000,397
willmcgugan,rich,Edward-Knight,713835825,1603309893000,1603309893000,396
willmcgugan,rich,willmcgugan,713843002,1603310749000,1603310749000,396
willmcgugan,rich,willmcgugan,723570279,1604838204000,1604838204000,396
willmcgugan,rich,willmcgugan,712729992,1603187081000,1603187081000,395
willmcgugan,rich,paw-lu,713692928,1603297108000,1603297108000,395
willmcgugan,rich,willmcgugan,712705443,1603184588000,1603184588000,394
willmcgugan,rich,aroberge,712725262,1603186581000,1603186581000,394
willmcgugan,rich,willmcgugan,711954719,1603101084000,1603101084000,393
willmcgugan,rich,willmcgugan,712257061,1603122394000,1603122394000,393
willmcgugan,rich,naveen521kk,712261851,1603122830000,1603122830000,393
willmcgugan,rich,willmcgugan,711873424,1603097656000,1603097656000,392
willmcgugan,rich,willmcgugan,710816657,1602931965000,1602931965000,390
willmcgugan,rich,Edward-Knight,709528310,1602788716000,1602788266000,388
willmcgugan,rich,willmcgugan,709568958,1602793240000,1602793240000,388
willmcgugan,rich,stolarczyk,709572341,1602793733000,1602793687000,388
willmcgugan,rich,Edward-Knight,709592721,1602796294000,1602796294000,388
willmcgugan,rich,Edward-Knight,709593181,1602796356000,1602796356000,388
willmcgugan,rich,willmcgugan,711153459,1603020118000,1603020118000,388
willmcgugan,rich,stolarczyk,712243501,1603121115000,1603121115000,388
willmcgugan,rich,stolarczyk,712333505,1603129716000,1603129716000,388
willmcgugan,rich,erezsh,730374730,1605792536000,1605792536000,388
willmcgugan,rich,willmcgugan,709570069,1602793398000,1602793398000,387
willmcgugan,rich,Honno,709926149,1602839353000,1602839353000,387
willmcgugan,rich,Honno,709933945,1602840236000,1602840236000,387
willmcgugan,rich,Honno,709951829,1602843438000,1602842544000,387
willmcgugan,rich,willmcgugan,710058600,1602856107000,1602856107000,387
willmcgugan,rich,willmcgugan,709029076,1602753461000,1602753461000,385
willmcgugan,rich,Edward-Knight,709048060,1602754940000,1602754940000,385
willmcgugan,rich,willmcgugan,709059072,1602755787000,1602755787000,385
willmcgugan,rich,willmcgugan,711153578,1603020178000,1603020178000,385
willmcgugan,rich,willmcgugan,709035270,1602754020000,1602754020000,383
willmcgugan,rich,sanga,709820023,1602828450000,1602828450000,383
willmcgugan,rich,willmcgugan,711153622,1603020203000,1603020203000,383
willmcgugan,rich,sanga,711171803,1603029530000,1603029530000,383
willmcgugan,rich,willmcgugan,715921518,1603549057000,1603549057000,382
willmcgugan,rich,nathanrpage97,716044602,1603568209000,1603568209000,382
willmcgugan,rich,nathanrpage97,716209627,1603658867000,1603658867000,382
willmcgugan,rich,nathanrpage97,716269985,1603679819000,1603679819000,382
willmcgugan,rich,nathanrpage97,720118689,1604249866000,1604249866000,382
willmcgugan,rich,nathanrpage97,721844985,1604508338000,1604508338000,382
willmcgugan,rich,willmcgugan,721846078,1604508454000,1604508454000,382
willmcgugan,rich,nathanrpage97,724234373,1604950800000,1604950800000,382
willmcgugan,rich,yihong0618,730773305,1605835333000,1605835333000,382
willmcgugan,rich,nathanrpage97,734094220,1606370745000,1606370745000,382
willmcgugan,rich,yihong0618,734094739,1606370838000,1606370838000,382
willmcgugan,rich,willmcgugan,734971261,1606507702000,1606507702000,382
willmcgugan,rich,willmcgugan,737366441,1606928794000,1606928794000,382
willmcgugan,rich,willmcgugan,737378535,1606930835000,1606930022000,382
willmcgugan,rich,nathanrpage97,737736985,1606982848000,1606982848000,382
willmcgugan,rich,willmcgugan,738086362,1607010002000,1607010002000,382
willmcgugan,rich,willmcgugan,743286039,1607703368000,1607703368000,382
willmcgugan,rich,nathanrpage97,743463127,1607726207000,1607726207000,382
willmcgugan,rich,amartya-dev,708405834,1602682518000,1602682518000,380
willmcgugan,rich,amartya-dev,708507620,1602692063000,1602692063000,380
willmcgugan,rich,willmcgugan,710056294,1602855869000,1602855869000,380
willmcgugan,rich,willmcgugan,707583861,1602577935000,1602577935000,379
willmcgugan,rich,willmcgugan,707585032,1602578061000,1602578061000,378
willmcgugan,rich,nschloe,713528963,1603282825000,1603282825000,378
willmcgugan,rich,willmcgugan,713530936,1603283055000,1603283055000,378
willmcgugan,rich,nschloe,713596163,1603288567000,1603288552000,378
willmcgugan,rich,willmcgugan,713605856,1603289415000,1603289415000,378
willmcgugan,rich,nschloe,713610277,1603289815000,1603289815000,378
willmcgugan,rich,willmcgugan,713611914,1603289964000,1603289964000,378
willmcgugan,rich,willmcgugan,715461816,1603472499000,1603472499000,378
willmcgugan,rich,willmcgugan,706712790,1602426474000,1602426474000,375
willmcgugan,rich,pdumoulin,706719899,1602429308000,1602429308000,375
willmcgugan,rich,Edward-Knight,706702074,1602421515000,1602421515000,374
willmcgugan,rich,GeekDuanLian,706702461,1602421721000,1602421721000,374
willmcgugan,rich,willmcgugan,706704861,1602422857000,1602422857000,374
willmcgugan,rich,willmcgugan,706552034,1602337775000,1602337775000,372
willmcgugan,rich,willmcgugan,708321156,1602672309000,1602672309000,371
willmcgugan,rich,char101,706286184,1602261781000,1602261781000,370
willmcgugan,rich,char101,706288707,1602262369000,1602262097000,370
willmcgugan,rich,willmcgugan,706301212,1602263637000,1602263637000,370
willmcgugan,rich,char101,706318014,1602265589000,1602265589000,370
willmcgugan,rich,willmcgugan,706175859,1602249536000,1602249536000,369
willmcgugan,rich,Edward-Knight,706202093,1602252308000,1602252308000,369
willmcgugan,rich,willmcgugan,706218296,1602254119000,1602254119000,369
willmcgugan,rich,willmcgugan,705699280,1602176298000,1602176298000,367
willmcgugan,rich,willmcgugan,705710092,1602177429000,1602177429000,365
willmcgugan,rich,evantkchong,705934652,1602211699000,1602211699000,365
willmcgugan,rich,willmcgugan,706184248,1602254548000,1602250512000,365
willmcgugan,rich,evantkchong,706306433,1602269508000,1602264256000,365
willmcgugan,rich,willmcgugan,706314329,1602265158000,1602265158000,365
willmcgugan,rich,willmcgugan,706722869,1602430541000,1602430541000,365
willmcgugan,rich,evantkchong,706740223,1602438031000,1602438031000,365
willmcgugan,rich,willmcgugan,705433507,1602147679000,1602147679000,364
willmcgugan,rich,deppiedave64,705435225,1602147857000,1602147857000,364
willmcgugan,rich,deppiedave64,705692801,1602175563000,1602175563000,364
willmcgugan,rich,willmcgugan,705702874,1602176699000,1602176699000,364
willmcgugan,rich,willmcgugan,705561338,1602163046000,1602163046000,362
willmcgugan,rich,willmcgugan,705442155,1602148580000,1602148580000,361
willmcgugan,rich,megaserg,705649303,1602171100000,1602171100000,361
willmcgugan,rich,willmcgugan,705666241,1602172769000,1602172769000,361
willmcgugan,rich,megaserg,705928351,1602210100000,1602210100000,361
willmcgugan,rich,willmcgugan,706171642,1602249020000,1602249020000,361
willmcgugan,rich,willmcgugan,706193106,1602251493000,1602251493000,361
willmcgugan,rich,megaserg,706444515,1602287300000,1602286678000,361
willmcgugan,rich,megaserg,707874787,1602607862000,1602607862000,361
willmcgugan,rich,willmcgugan,708321937,1602672399000,1602672399000,361
willmcgugan,rich,willmcgugan,709927361,1602839494000,1602839494000,361
willmcgugan,rich,Edward-Knight,705832244,1602192335000,1602192335000,360
willmcgugan,rich,willmcgugan,705835893,1602192844000,1602192844000,360
willmcgugan,rich,sandrotosi,705839567,1602193394000,1602193394000,360
willmcgugan,rich,willmcgugan,705843239,1602193958000,1602193958000,360
willmcgugan,rich,sandrotosi,705849523,1602194946000,1602194946000,360
willmcgugan,rich,willmcgugan,706185042,1602250599000,1602250599000,360
willmcgugan,rich,sandrotosi,706399701,1602277131000,1602277131000,360
willmcgugan,rich,willmcgugan,704883036,1602071531000,1602071531000,358
willmcgugan,rich,FedeClaudi,704884564,1602071725000,1602071725000,358
willmcgugan,rich,willmcgugan,705453416,1602149785000,1602149785000,356
willmcgugan,rich,willmcgugan,705030644,1602086097000,1602086097000,355
willmcgugan,rich,ssbarnea,705513283,1602157303000,1602157303000,355
willmcgugan,rich,hedythedev,705514569,1602157898000,1602157490000,355
willmcgugan,rich,ssbarnea,705523288,1602158696000,1602158696000,355
willmcgugan,rich,Edward-Knight,706555363,1602339231000,1602339231000,355
willmcgugan,rich,ssbarnea,706573814,1602346720000,1602346720000,355
willmcgugan,rich,willmcgugan,704805217,1602062099000,1602062099000,354
willmcgugan,rich,ssbarnea,704809761,1602062582000,1602062582000,354
willmcgugan,rich,willmcgugan,704814178,1602063037000,1602063037000,354
willmcgugan,rich,ssbarnea,704832503,1602065050000,1602065050000,354
willmcgugan,rich,willmcgugan,704849274,1602067010000,1602067010000,354
willmcgugan,rich,ssbarnea,705047245,1602087706000,1602087706000,354
willmcgugan,rich,willmcgugan,704757917,1602056629000,1602056629000,352
willmcgugan,rich,willmcgugan,704757583,1602056590000,1602056590000,351
willmcgugan,rich,willmcgugan,705029323,1602085965000,1602085965000,351
willmcgugan,rich,willmcgugan,704806190,1602062208000,1602062208000,350
willmcgugan,rich,ssbarnea,705040912,1602087066000,1602087066000,349
willmcgugan,rich,ssbarnea,720062448,1604224582000,1604224582000,348
willmcgugan,rich,willmcgugan,720091407,1604238484000,1604238484000,348
willmcgugan,rich,willmcgugan,704327049,1601996170000,1601996170000,347
willmcgugan,rich,ssbarnea,704332229,1601996971000,1601996570000,347
willmcgugan,rich,willmcgugan,704343584,1601997457000,1601997457000,347
willmcgugan,rich,willmcgugan,704270377,1601991399000,1601991042000,346
willmcgugan,rich,ssbarnea,704787746,1602060200000,1602060200000,346
willmcgugan,rich,ssbarnea,704328263,1601996259000,1601996259000,345
willmcgugan,rich,willmcgugan,704330157,1601996407000,1601996407000,345
willmcgugan,rich,willmcgugan,704148541,1601976590000,1601976590000,343
willmcgugan,rich,ssbarnea,704199207,1601982836000,1601982836000,343
willmcgugan,rich,willmcgugan,704216739,1601985151000,1601985151000,343
willmcgugan,rich,Edward-Knight,706561691,1602341646000,1602341646000,343
willmcgugan,rich,willmcgugan,706563652,1602342472000,1602342472000,343
willmcgugan,rich,ssbarnea,706573554,1602346600000,1602346600000,343
willmcgugan,rich,ewels,722290144,1604572299000,1604572299000,343
willmcgugan,rich,ewels,722291873,1604572496000,1604572496000,343
willmcgugan,rich,willmcgugan,722306778,1604574221000,1604574221000,343
willmcgugan,rich,ssbarnea,722332228,1604577386000,1604577386000,343
willmcgugan,rich,ewels,722336691,1604577949000,1604577949000,343
willmcgugan,rich,willmcgugan,704149697,1601976725000,1601976725000,341
willmcgugan,rich,Edward-Knight,705813820,1602189941000,1602189941000,340
willmcgugan,rich,willmcgugan,705817251,1602190402000,1602190402000,340
willmcgugan,rich,Edward-Knight,705817463,1602190502000,1602190428000,340
willmcgugan,rich,willmcgugan,706227905,1602255209000,1602255209000,340
willmcgugan,rich,willmcgugan,705463472,1602150943000,1602150943000,337
willmcgugan,rich,willmcgugan,703316617,1601845793000,1601845793000,336
willmcgugan,rich,nestoralonso,703326222,1601851289000,1601851289000,336
willmcgugan,rich,nestoralonso,703326604,1601851504000,1601851504000,336
willmcgugan,rich,NicholasBlackburn1,703314137,1601844591000,1601844591000,335
willmcgugan,rich,willmcgugan,703315148,1601845092000,1601845092000,335
willmcgugan,rich,NicholasBlackburn1,703320998,1601848104000,1601848104000,335
willmcgugan,rich,willmcgugan,703321957,1601848671000,1601848671000,335
willmcgugan,rich,phase06,706570958,1602345705000,1602345705000,334
willmcgugan,rich,willmcgugan,706588058,1602352719000,1602352719000,334
willmcgugan,rich,busybee23,703270970,1601824877000,1601824877000,333
willmcgugan,rich,willmcgugan,703246028,1601813214000,1601813214000,330
willmcgugan,rich,naveen521kk,703246790,1601813634000,1601813616000,330
willmcgugan,rich,willmcgugan,703247203,1601813851000,1601813851000,330
willmcgugan,rich,naveen521kk,703247772,1601814167000,1601814167000,330
willmcgugan,rich,willmcgugan,703247998,1601814280000,1601814280000,330
willmcgugan,rich,naveen521kk,703248312,1601814423000,1601814423000,330
willmcgugan,rich,willmcgugan,703248875,1601814728000,1601814728000,330
willmcgugan,rich,naveen521kk,703249286,1601814934000,1601814934000,330
willmcgugan,rich,naveen521kk,703251490,1601816115000,1601816083000,330
willmcgugan,rich,willmcgugan,703263054,1601821342000,1601821342000,330
willmcgugan,rich,willmcgugan,703227274,1601803189000,1601803189000,329
willmcgugan,rich,oleksis,703165488,1601759603000,1601759603000,328
willmcgugan,rich,willmcgugan,703166540,1601760249000,1601760249000,328
willmcgugan,rich,oleksis,703185448,1601774663000,1601774592000,328
willmcgugan,rich,willmcgugan,703790326,1601920473000,1601920473000,328
willmcgugan,rich,willmcgugan,703247681,1601814114000,1601814114000,327
willmcgugan,rich,ubaumann,703259609,1601819814000,1601819814000,327
willmcgugan,rich,willmcgugan,705471809,1602151859000,1602151859000,327
willmcgugan,rich,ubaumann,705716372,1602178152000,1602178152000,327
willmcgugan,rich,willmcgugan,703158462,1601760268000,1601755579000,326
willmcgugan,rich,amartya-dev,703283403,1601830294000,1601830294000,326
willmcgugan,rich,amartya-dev,703753762,1601916499000,1601916499000,326
willmcgugan,rich,willmcgugan,703789868,1601920425000,1601920425000,326
willmcgugan,rich,surajit-techie,703116513,1601737092000,1601737092000,325
willmcgugan,rich,willmcgugan,703118008,1601737737000,1601737737000,325
willmcgugan,rich,FedeClaudi,703118874,1601738141000,1601738141000,325
willmcgugan,rich,willmcgugan,703119860,1601738506000,1601738506000,325
willmcgugan,rich,FedeClaudi,703122134,1601739459000,1601739459000,325
willmcgugan,rich,willmcgugan,703096326,1601728326000,1601728326000,324
willmcgugan,rich,willmcgugan,703108073,1601733551000,1601733551000,323
willmcgugan,rich,willmcgugan,703159071,1601755931000,1601755931000,323
willmcgugan,rich,Rubo3,703239492,1601809856000,1601809856000,323
willmcgugan,rich,devratapuri,703462685,1601884005000,1601884005000,323
willmcgugan,rich,willmcgugan,703902100,1601933725000,1601933725000,323
willmcgugan,rich,Rubo3,706673120,1602406798000,1602406798000,323
willmcgugan,rich,willmcgugan,706674491,1602407422000,1602407422000,323
willmcgugan,rich,amartya-dev,706685204,1602413125000,1602413125000,323
willmcgugan,rich,willmcgugan,706693871,1602417367000,1602417367000,323
willmcgugan,rich,amartya-dev,706704006,1602422433000,1602422433000,323
willmcgugan,rich,willmcgugan,706705036,1602422936000,1602422936000,323
willmcgugan,rich,amartya-dev,706705317,1602423067000,1602423067000,323
willmcgugan,rich,willmcgugan,706731797,1602434261000,1602434261000,323
willmcgugan,rich,amartya-dev,706735070,1602435678000,1602435678000,323
willmcgugan,rich,willmcgugan,702761374,1601648379000,1601648379000,321
willmcgugan,rich,willmcgugan,702645115,1601633424000,1601633424000,319
willmcgugan,rich,jdrusso,702823876,1601655229000,1601655229000,319
willmcgugan,rich,willmcgugan,702628288,1601631335000,1601631335000,318
willmcgugan,rich,FedeClaudi,702631050,1601631714000,1601631714000,318
willmcgugan,rich,fakhrip,703444691,1601881991000,1601881774000,318
willmcgugan,rich,FedeClaudi,703536142,1601892619000,1601892619000,318
willmcgugan,rich,willmcgugan,703549003,1601894274000,1601894274000,318
willmcgugan,rich,fakhrip,703575036,1601897752000,1601897752000,318
willmcgugan,rich,willmcgugan,703576960,1601898033000,1601898033000,318
willmcgugan,rich,fakhrip,703579317,1601898365000,1601898365000,318
willmcgugan,rich,fakhrip,703687749,1601909872000,1601909872000,318
willmcgugan,rich,fakhrip,703690387,1601910113000,1601910113000,318
willmcgugan,rich,willmcgugan,703747078,1601915754000,1601915754000,318
willmcgugan,rich,willmcgugan,715492852,1603476158000,1603476158000,318
willmcgugan,rich,willmcgugan,723571332,1604838805000,1604838805000,318
willmcgugan,rich,hhoeflin,734808884,1606479546000,1606479546000,318
willmcgugan,rich,willmcgugan,702625746,1601631000000,1601631000000,317
willmcgugan,rich,ssbarnea,702657697,1601635025000,1601635025000,317
willmcgugan,rich,willmcgugan,702054752,1601549678000,1601549678000,316
willmcgugan,rich,willmcgugan,702623271,1601630672000,1601630672000,316
willmcgugan,rich,willmcgugan,702054305,1601549617000,1601549617000,315
willmcgugan,rich,The-Compiler,702369882,1601582925000,1601582925000,315
willmcgugan,rich,willmcgugan,702645943,1601633531000,1601633531000,315
willmcgugan,rich,willmcgugan,702622823,1601630611000,1601630611000,314
willmcgugan,rich,ssbarnea,702649515,1601633974000,1601633974000,314
willmcgugan,rich,willmcgugan,702612555,1601629249000,1601629249000,313
willmcgugan,rich,willmcgugan,702616622,1601629792000,1601629792000,312
willmcgugan,rich,giladreti,733524103,1606289728000,1606289728000,312
willmcgugan,rich,ssbarnea,733602780,1606298446000,1606298434000,312
willmcgugan,rich,willmcgugan,702647082,1601633671000,1601633671000,311
willmcgugan,rich,willmcgugan,700708765,1601386631000,1601386631000,309
willmcgugan,rich,joaqo,701567357,1601490766000,1601490730000,309
willmcgugan,rich,willmcgugan,699626773,1601208361000,1601208361000,306
willmcgugan,rich,codenotworking,703089318,1601724838000,1601724838000,306
willmcgugan,rich,willmcgugan,697516647,1600873908000,1600873908000,304
willmcgugan,rich,FedeClaudi,697537042,1600874657000,1600874648000,304
willmcgugan,rich,taliraj,697039743,1600818376000,1600818376000,303
willmcgugan,rich,willmcgugan,697062661,1600823398000,1600823398000,303
willmcgugan,rich,taliraj,698517933,1600972726000,1600972726000,303
willmcgugan,rich,willmcgugan,698842030,1601028080000,1601028080000,303
willmcgugan,rich,taliraj,698872848,1601032623000,1601032623000,303
willmcgugan,rich,willmcgugan,698892928,1601035794000,1601035794000,303
willmcgugan,rich,ptmcg,696961617,1600806521000,1600806521000,302
willmcgugan,rich,willmcgugan,697536184,1600874615000,1600874615000,302
willmcgugan,rich,ptmcg,696857320,1600794699000,1600794699000,301
willmcgugan,rich,willmcgugan,696861360,1600795162000,1600795162000,301
willmcgugan,rich,willmcgugan,697558571,1600875457000,1600875457000,301
willmcgugan,rich,willmcgugan,696808596,1600789754000,1600789754000,300
willmcgugan,rich,willmcgugan,699623405,1601206453000,1601206453000,299
willmcgugan,rich,deb17,699761258,1601266929000,1601266929000,299
willmcgugan,rich,willmcgugan,696373058,1600721973000,1600721973000,298
willmcgugan,rich,taliraj,698974490,1601045444000,1601045444000,298
willmcgugan,rich,taliraj,696142943,1600697740000,1600697740000,297
willmcgugan,rich,willmcgugan,696229663,1600706040000,1600706040000,297
willmcgugan,rich,willmcgugan,695787726,1600608733000,1600608733000,296
willmcgugan,rich,ssbarnea,695762108,1600591779000,1600591779000,295
willmcgugan,rich,willmcgugan,696228415,1600705894000,1600705894000,295
willmcgugan,rich,reillysiemens,703159888,1601756345000,1601756345000,295
willmcgugan,rich,willmcgugan,703161126,1601757088000,1601757088000,295
willmcgugan,rich,reillysiemens,703161848,1601757493000,1601757493000,295
willmcgugan,rich,reillysiemens,703171928,1601764053000,1601763872000,295
willmcgugan,rich,willmcgugan,704395166,1602001440000,1602001440000,295
willmcgugan,rich,ssbarnea,704401974,1602002170000,1602002170000,295
willmcgugan,rich,willmcgugan,695338350,1600538301000,1600538301000,294
willmcgugan,rich,willmcgugan,696226138,1600705646000,1600705646000,293
willmcgugan,rich,ssbarnea,696248723,1600708221000,1600708221000,293
willmcgugan,rich,willmcgugan,711153849,1603020330000,1603020330000,293
willmcgugan,rich,oleksis,694644905,1600403730000,1600403730000,291
willmcgugan,rich,oleksis,694655457,1600406235000,1600406037000,291
willmcgugan,rich,willmcgugan,694926582,1600442022000,1600442022000,290
willmcgugan,rich,oleksis,694959628,1600445927000,1600445927000,290
willmcgugan,rich,willmcgugan,694202336,1600346310000,1600346310000,289
willmcgugan,rich,dtrodrigues,694209247,1600347049000,1600347049000,289
willmcgugan,rich,willmcgugan,694928840,1600442262000,1600442262000,288
willmcgugan,rich,willmcgugan,693481831,1600270030000,1600270030000,286
willmcgugan,rich,willmcgugan,693479505,1600269811000,1600269811000,285
willmcgugan,rich,willmcgugan,693377062,1600259900000,1600259900000,284
willmcgugan,rich,willmcgugan,694947144,1600444397000,1600444397000,284
willmcgugan,rich,tomchristie,695191337,1600508317000,1600508317000,284
willmcgugan,rich,adamgayoso,692905529,1600195741000,1600195741000,283
willmcgugan,rich,willmcgugan,693378858,1600260119000,1600260119000,283
willmcgugan,rich,adamgayoso,693479504,1600269811000,1600269811000,283
willmcgugan,rich,willmcgugan,693555512,1600277868000,1600277868000,283
willmcgugan,rich,willmcgugan,692309032,1600116913000,1600116913000,282
willmcgugan,rich,neutrinoceros,692316249,1600117818000,1600117818000,282
willmcgugan,rich,ssbarnea,695211979,1600521251000,1600521251000,281
willmcgugan,rich,willmcgugan,691727275,1600032109000,1600032109000,279
willmcgugan,rich,wilmington,691728397,1600032777000,1600032642000,279
willmcgugan,rich,Edward-Knight,703846332,1601926782000,1601926782000,279
willmcgugan,rich,willmcgugan,703877487,1601930571000,1601930571000,279
willmcgugan,rich,Edward-Knight,705188691,1602104127000,1602104127000,279
willmcgugan,rich,Edward-Knight,705203006,1602105978000,1602105978000,279
willmcgugan,rich,wilmington,705227416,1602109907000,1602109842000,279
willmcgugan,rich,Edward-Knight,705247396,1602113830000,1602113665000,279
willmcgugan,rich,willmcgugan,691674653,1600005358000,1600005358000,278
willmcgugan,rich,willmcgugan,691314405,1599858769000,1599858769000,276
willmcgugan,rich,nschloe,689584100,1599660185000,1599660185000,275
willmcgugan,rich,willmcgugan,689623768,1599663938000,1599663938000,275
willmcgugan,rich,willmcgugan,689553568,1599657108000,1599657108000,274
willmcgugan,rich,nschloe,689557598,1599657507000,1599657507000,274
willmcgugan,rich,dougsouza,703702367,1601911273000,1601911239000,274
willmcgugan,rich,willmcgugan,689527207,1599654223000,1599654223000,273
willmcgugan,rich,willmcgugan,689489934,1599649513000,1599649513000,272
willmcgugan,rich,aklajnert,689498630,1599650664000,1599650664000,272
willmcgugan,rich,willmcgugan,689489432,1599649441000,1599649441000,271
willmcgugan,rich,pwwang,689658251,1599667247000,1599667247000,271
willmcgugan,rich,willmcgugan,690655952,1599765693000,1599765693000,271
willmcgugan,rich,pwwang,690659484,1599765916000,1599765916000,271
willmcgugan,rich,willmcgugan,688308853,1599483499000,1599483499000,269
willmcgugan,rich,tilda,688315880,1599484223000,1599484223000,269
willmcgugan,rich,willmcgugan,688205284,1599471697000,1599471697000,268
willmcgugan,rich,skonik,688468035,1599504198000,1599503686000,268
willmcgugan,rich,willmcgugan,687642120,1599328535000,1599328535000,267
willmcgugan,rich,EvokerKing,692228701,1600107598000,1600107598000,267
willmcgugan,rich,willmcgugan,692310138,1600117052000,1600117052000,267
willmcgugan,rich,willmcgugan,687642551,1599328790000,1599328790000,266
willmcgugan,rich,willmcgugan,689652311,1599666690000,1599666690000,265
willmcgugan,rich,willmcgugan,687183364,1599230026000,1599230026000,264
willmcgugan,rich,ssbarnea,695785530,1600608032000,1600607399000,264
willmcgugan,rich,willmcgugan,686732234,1599164266000,1599164266000,263
willmcgugan,rich,legacy-code,686754255,1599165701000,1599165701000,263
willmcgugan,rich,legacy-code,686765259,1599167241000,1599167241000,263
willmcgugan,rich,willmcgugan,687015556,1599209304000,1599209304000,263
willmcgugan,rich,legacy-code,687139447,1599225747000,1599225491000,263
willmcgugan,rich,willmcgugan,685030187,1598982649000,1598982649000,262
willmcgugan,rich,scherrey,685264817,1599016706000,1599016706000,262
willmcgugan,rich,willmcgugan,684609369,1598950653000,1598950653000,261
willmcgugan,rich,e0lithic,684867108,1598968112000,1598968112000,261
willmcgugan,rich,willmcgugan,684063724,1598911050000,1598911050000,260
willmcgugan,rich,nathanrpage97,684078636,1598913375000,1598913375000,260
willmcgugan,rich,willmcgugan,683689045,1598868491000,1598868491000,259
willmcgugan,rich,tilda,683761330,1598878696000,1598878696000,259
willmcgugan,rich,willmcgugan,683429500,1598798883000,1598798883000,258
willmcgugan,rich,aroberge,683429999,1598799149000,1598799149000,258
willmcgugan,rich,aroberge,683444179,1598806695000,1598806695000,258
willmcgugan,rich,willmcgugan,683446418,1598807895000,1598807895000,258
willmcgugan,rich,aroberge,683469816,1598821112000,1598821112000,258
willmcgugan,rich,willmcgugan,683474721,1598824056000,1598824056000,258
willmcgugan,rich,willmcgugan,691662406,1599998348000,1599998348000,258
willmcgugan,rich,aroberge,691663171,1599998780000,1599998780000,258
willmcgugan,rich,willmcgugan,692179964,1600102134000,1600102134000,258
willmcgugan,rich,willmcgugan,683402241,1598782647000,1598782647000,257
willmcgugan,rich,paw-lu,683425209,1598796566000,1598796566000,257
willmcgugan,rich,willmcgugan,680225149,1598383636000,1598383636000,255
willmcgugan,rich,Edward-Knight,705832995,1602192434000,1602192434000,255
willmcgugan,rich,willmcgugan,679990434,1598357997000,1598357997000,253
willmcgugan,rich,ssbarnea,680207502,1598381434000,1598381434000,253
willmcgugan,rich,willmcgugan,680209371,1598381665000,1598381665000,253
willmcgugan,rich,willmcgugan,691489417,1599917840000,1599917840000,253
willmcgugan,rich,willmcgugan,679943242,1598351431000,1598351431000,252
willmcgugan,rich,jeyca,679970234,1598355220000,1598355220000,252
willmcgugan,rich,willmcgugan,680015574,1598361066000,1598361066000,252
willmcgugan,rich,jeyca,680762757,1598433452000,1598433452000,252
willmcgugan,rich,willmcgugan,680765447,1598433727000,1598433727000,252
willmcgugan,rich,willmcgugan,680030924,1598362726000,1598362726000,250
willmcgugan,rich,willmcgugan,678697489,1598132021000,1598132021000,248
willmcgugan,rich,willmcgugan,678699266,1598133130000,1598133130000,247
willmcgugan,rich,Imipenem,678702915,1598135307000,1598135307000,247
willmcgugan,rich,willmcgugan,678130444,1598000709000,1598000709000,246
willmcgugan,rich,hedythedev,678138414,1598001790000,1598001790000,246
willmcgugan,rich,willmcgugan,678145233,1598002740000,1598002740000,246
willmcgugan,rich,hedythedev,678145712,1598002991000,1598002812000,246
willmcgugan,rich,willmcgugan,677480401,1597914943000,1597914943000,245
willmcgugan,rich,aquemy,677484199,1597915331000,1597915331000,245
willmcgugan,rich,willmcgugan,677488963,1597915865000,1597915865000,244
willmcgugan,rich,bphunter1972,678033017,1597984507000,1597984507000,244
willmcgugan,rich,willmcgugan,677485816,1597915480000,1597915480000,243
willmcgugan,rich,bphunter1972,678032838,1597984461000,1597984461000,243
willmcgugan,rich,willmcgugan,680146833,1598374466000,1598374466000,243
willmcgugan,rich,willmcgugan,676570199,1597859350000,1597859350000,242
willmcgugan,rich,willmcgugan,676567632,1597859048000,1597859048000,241
willmcgugan,rich,bedangSen,676585190,1597861234000,1597861234000,241
willmcgugan,rich,willmcgugan,676529234,1597854500000,1597854500000,240
willmcgugan,rich,WayneLambert,676538671,1597855548000,1597855548000,240
willmcgugan,rich,WayneLambert,676546637,1597856527000,1597856527000,240
willmcgugan,rich,willmcgugan,676566695,1597858922000,1597858922000,240
willmcgugan,rich,WayneLambert,676615473,1597865123000,1597865123000,240
willmcgugan,rich,willmcgugan,676422001,1597846249000,1597846249000,239
willmcgugan,rich,willmcgugan,677769427,1597941015000,1597941015000,239
willmcgugan,rich,willmcgugan,678374203,1598026627000,1598026627000,239
willmcgugan,rich,jeyca,678625146,1598093083000,1598093083000,239
willmcgugan,rich,willmcgugan,676024241,1597829256000,1597829256000,237
willmcgugan,rich,willmcgugan,675563730,1597766138000,1597766138000,236
willmcgugan,rich,adamgayoso,675563889,1597766155000,1597766155000,236
willmcgugan,rich,willmcgugan,675565136,1597766282000,1597766282000,236
willmcgugan,rich,adamgayoso,675565585,1597766327000,1597766327000,236
willmcgugan,rich,willmcgugan,677767935,1597940846000,1597940846000,236
willmcgugan,rich,willmcgugan,677482539,1597915201000,1597915201000,235
willmcgugan,rich,The-Compiler,678209886,1598006190000,1598006190000,235
willmcgugan,rich,willmcgugan,675366172,1597742468000,1597742468000,233
willmcgugan,rich,hadrianl,675366975,1597742570000,1597742570000,233
willmcgugan,rich,willmcgugan,674516518,1597578316000,1597578316000,232
willmcgugan,rich,willmcgugan,674405245,1597501822000,1597501822000,231
willmcgugan,rich,towa,674492583,1597563461000,1597563451000,231
willmcgugan,rich,willmcgugan,673517710,1597329511000,1597329511000,230
willmcgugan,rich,pim-hoeven,671920327,1597149398000,1597149398000,228
willmcgugan,rich,willmcgugan,671936480,1597151316000,1597151316000,228
willmcgugan,rich,willmcgugan,672800178,1597229477000,1597229477000,226
willmcgugan,rich,GeekDuanLian,672934831,1597245223000,1597245223000,226
willmcgugan,rich,willmcgugan,671076374,1596992561000,1596992561000,223
willmcgugan,rich,willmcgugan,671022920,1596961126000,1596961126000,222
willmcgugan,rich,willmcgugan,670946085,1596903164000,1596903164000,220
willmcgugan,rich,willmcgugan,671076470,1596992607000,1596992607000,220
willmcgugan,rich,willmcgugan,670948954,1596904866000,1596904866000,219
willmcgugan,rich,ericthkr,670960959,1596912293000,1596912293000,219
willmcgugan,rich,willmcgugan,670969267,1596917578000,1596917578000,219
willmcgugan,rich,willmcgugan,670940470,1596899794000,1596899794000,218
willmcgugan,rich,ziofil,670940832,1596900016000,1596900016000,218
willmcgugan,rich,willmcgugan,670940918,1596900065000,1596900065000,218
willmcgugan,rich,willmcgugan,670724864,1596836648000,1596836648000,217
willmcgugan,rich,willmcgugan,670097924,1596738226000,1596738226000,216
willmcgugan,rich,umazanatastatura,670102921,1596738704000,1596738704000,216
willmcgugan,rich,willmcgugan,669898135,1596717045000,1596717045000,215
willmcgugan,rich,willmcgugan,669857784,1596711191000,1596711191000,214
willmcgugan,rich,mbarkhau,669860910,1596711683000,1596711683000,214
willmcgugan,rich,mbarkhau,670898906,1596885068000,1596885068000,214
willmcgugan,rich,hedythedev,669597583,1596670360000,1596670360000,212
willmcgugan,rich,willmcgugan,669825265,1596706839000,1596706839000,212
willmcgugan,rich,joaqo,670142322,1596741179000,1596741179000,212
willmcgugan,rich,willmcgugan,670159942,1596743591000,1596743591000,212
willmcgugan,rich,willmcgugan,671399010,1597070677000,1597070677000,212
willmcgugan,rich,joaqo,671465302,1597077927000,1597077927000,212
willmcgugan,rich,DonBraulio,671468682,1597078352000,1597078352000,212
willmcgugan,rich,willmcgugan,669187771,1596633451000,1596633451000,211
willmcgugan,rich,tirkarthi,669188308,1596633513000,1596633513000,211
willmcgugan,rich,willmcgugan,669174758,1596631894000,1596631894000,209
willmcgugan,rich,willmcgugan,669183747,1596632987000,1596632987000,208
willmcgugan,rich,hedythedev,669116435,1596623930000,1596623484000,207
willmcgugan,rich,willmcgugan,669126738,1596625006000,1596625006000,207
willmcgugan,rich,hedythedev,669161581,1596630781000,1596630153000,207
willmcgugan,rich,willmcgugan,669183231,1596632926000,1596632926000,207
willmcgugan,rich,hedythedev,670265858,1596762686000,1596762543000,207
willmcgugan,rich,willmcgugan,670954151,1596908007000,1596908007000,207
willmcgugan,rich,willmcgugan,672991563,1597251173000,1597251173000,207
willmcgugan,rich,hedythedev,673862122,1597375494000,1597375494000,207
willmcgugan,rich,willmcgugan,673970046,1597395425000,1597395425000,207
willmcgugan,rich,hedythedev,674478713,1597553431000,1597553431000,207
willmcgugan,rich,willmcgugan,674491635,1597562816000,1597562816000,207
willmcgugan,rich,willmcgugan,668479916,1596532089000,1596532089000,206
willmcgugan,rich,akrk1986,668494648,1596533939000,1596533939000,206
willmcgugan,rich,willmcgugan,668520416,1596537467000,1596537467000,206
willmcgugan,rich,akrk1986,668524052,1596538025000,1596538025000,206
willmcgugan,rich,willmcgugan,668527021,1596538490000,1596538490000,206
willmcgugan,rich,willmcgugan,668552716,1596542351000,1596542351000,206
willmcgugan,rich,akrk1986,668554151,1596542553000,1596542553000,206
willmcgugan,rich,akrk1986,671029017,1596965088000,1596965088000,206
willmcgugan,rich,akrk1986,672708368,1597219232000,1597219232000,206
willmcgugan,rich,ChristianSauer,673044916,1597257803000,1597257803000,206
willmcgugan,rich,willmcgugan,668471467,1596531115000,1596531115000,205
willmcgugan,rich,joaqo,668671453,1596555645000,1596555621000,205
willmcgugan,rich,willmcgugan,668678828,1596556439000,1596556439000,205
willmcgugan,rich,joaqo,668681661,1596556752000,1596556752000,205
willmcgugan,rich,joaqo,668714650,1596560621000,1596560607000,205
willmcgugan,rich,willmcgugan,668737751,1596563469000,1596563469000,205
willmcgugan,rich,joaqo,668745885,1596564511000,1596564481000,205
willmcgugan,rich,hedythedev,668382233,1596521582000,1596517676000,204
willmcgugan,rich,willmcgugan,668477951,1596531860000,1596531860000,204
willmcgugan,rich,hedythedev,668480699,1596532326000,1596532181000,204
willmcgugan,rich,willmcgugan,668485413,1596532763000,1596532763000,204
willmcgugan,rich,hedythedev,668498364,1596534653000,1596534419000,204
willmcgugan,rich,willmcgugan,668517983,1596537113000,1596537113000,204
willmcgugan,rich,willmcgugan,668121825,1596472672000,1596472672000,203
willmcgugan,rich,willmcgugan,668136036,1596474488000,1596474488000,203
willmcgugan,rich,ocurero,668203782,1596483288000,1596483288000,203
willmcgugan,rich,willmcgugan,668073463,1596467091000,1596467091000,202
willmcgugan,rich,Samreay,668301042,1596499945000,1596499945000,202
willmcgugan,rich,willmcgugan,668482678,1596532433000,1596532433000,202
willmcgugan,rich,Samreay,668584998,1596546420000,1596546420000,202
willmcgugan,rich,willmcgugan,668585334,1596546463000,1596546463000,202
willmcgugan,rich,willmcgugan,668480213,1596532124000,1596532124000,201
willmcgugan,rich,willmcgugan,667659970,1596366461000,1596366461000,200
willmcgugan,rich,jeremyschulman,667682716,1596379368000,1596379368000,200
willmcgugan,rich,willmcgugan,667686663,1596381360000,1596381360000,200
willmcgugan,rich,jeremyschulman,667686796,1596381465000,1596381435000,200
willmcgugan,rich,willmcgugan,667687338,1596381716000,1596381716000,200
willmcgugan,rich,jeremyschulman,667689219,1596382637000,1596382637000,200
willmcgugan,rich,jeremyschulman,667691212,1596383680000,1596383680000,200
willmcgugan,rich,willmcgugan,667691649,1596383908000,1596383908000,200
willmcgugan,rich,jeremyschulman,667694136,1596385107000,1596385107000,200
willmcgugan,rich,willmcgugan,667694640,1596385347000,1596385347000,200
willmcgugan,rich,jeremyschulman,667694782,1596385439000,1596385439000,200
willmcgugan,rich,jeremyschulman,667695198,1596385673000,1596385658000,200
willmcgugan,rich,jeremyschulman,667718045,1596398482000,1596398482000,200
willmcgugan,rich,willmcgugan,667523822,1596284657000,1596284657000,198
willmcgugan,rich,willmcgugan,667514637,1596280150000,1596280138000,197
willmcgugan,rich,willmcgugan,667173996,1596208550000,1596208550000,196
willmcgugan,rich,jeremyschulman,667360267,1596230206000,1596230206000,196
willmcgugan,rich,willmcgugan,667524054,1596284749000,1596284749000,195
willmcgugan,rich,willmcgugan,667662201,1596367776000,1596367776000,195
willmcgugan,rich,Niraj-Kamdar,667666599,1596370661000,1596370431000,195
willmcgugan,rich,Niraj-Kamdar,667668053,1596371334000,1596371334000,195
willmcgugan,rich,willmcgugan,667685330,1596380705000,1596380705000,195
willmcgugan,rich,willmcgugan,665813589,1596045662000,1596045662000,192
willmcgugan,rich,pwwang,665816226,1596046083000,1596045964000,192
willmcgugan,rich,willmcgugan,665829219,1596047394000,1596047394000,192
willmcgugan,rich,pwwang,665842493,1596049029000,1596049029000,192
willmcgugan,rich,willmcgugan,665849174,1596049859000,1596049859000,192
willmcgugan,rich,willmcgugan,665561389,1596016049000,1596016049000,190
willmcgugan,rich,aklajnert,665580632,1596018327000,1596018327000,190
willmcgugan,rich,willmcgugan,665669324,1596029839000,1596029839000,190
willmcgugan,rich,aklajnert,665733075,1596036448000,1596036448000,190
willmcgugan,rich,willmcgugan,665740802,1596037270000,1596037270000,190
willmcgugan,rich,aklajnert,665745178,1596037744000,1596037744000,190
willmcgugan,rich,willmcgugan,665751376,1596038393000,1596038393000,190
willmcgugan,rich,willmcgugan,665811349,1596045376000,1596045376000,190
willmcgugan,rich,aklajnert,666117350,1596085851000,1596085851000,190
willmcgugan,rich,willmcgugan,665811446,1596045388000,1596045388000,189
willmcgugan,rich,Niraj-Kamdar,665862014,1596051478000,1596051478000,189
willmcgugan,rich,willmcgugan,666197724,1596113951000,1596095140000,187
willmcgugan,rich,clintonc,667630067,1596346031000,1596346031000,187
willmcgugan,rich,willmcgugan,665564137,1596016376000,1596016376000,186
willmcgugan,rich,willmcgugan,665811591,1596045405000,1596045405000,186
willmcgugan,rich,GSGBen,665917923,1596055600000,1596055600000,186
willmcgugan,rich,GSGBen,666019654,1596072074000,1596072074000,186
willmcgugan,rich,willmcgugan,666700221,1596143185000,1596143185000,186
willmcgugan,rich,GSGBen,667728983,1596405040000,1596405040000,186
willmcgugan,rich,willmcgugan,664912339,1595927953000,1595927953000,185
willmcgugan,rich,willmcgugan,664509037,1595868236000,1595868236000,184
willmcgugan,rich,snooppr,664610387,1595880330000,1595880330000,184
willmcgugan,rich,willmcgugan,664618229,1595881338000,1595881338000,184
willmcgugan,rich,willmcgugan,664511434,1595868501000,1595868501000,183
willmcgugan,rich,willmcgugan,665638263,1596026206000,1596026206000,182
willmcgugan,rich,ewels,666454902,1596122792000,1596122792000,182
willmcgugan,rich,willmcgugan,664509134,1595868248000,1595868248000,181
willmcgugan,rich,minimaxir,664736597,1595902792000,1595902792000,181
willmcgugan,rich,willmcgugan,663993971,1595773304000,1595773304000,179
willmcgugan,rich,myrmica-habilis,663979709,1595765125000,1595765125000,178
willmcgugan,rich,myrmica-habilis,664196023,1595838138000,1595838138000,178
willmcgugan,rich,willmcgugan,664509747,1595868316000,1595868316000,178
willmcgugan,rich,myrmica-habilis,664870353,1595925721000,1595925721000,178
willmcgugan,rich,myrmica-habilis,664933364,1595929455000,1595929455000,178
willmcgugan,rich,willmcgugan,664944436,1595930005000,1595930005000,178
willmcgugan,rich,willmcgugan,663906860,1595711647000,1595711647000,176
willmcgugan,rich,willmcgugan,663995614,1595774030000,1595774030000,176
willmcgugan,rich,kentmartin73,737859427,1606992115000,1606992115000,176
willmcgugan,rich,willmcgugan,663620087,1595607737000,1595607737000,175
willmcgugan,rich,willmcgugan,662909695,1595496666000,1595496666000,171
willmcgugan,rich,ewels,662913824,1595497279000,1595497279000,171
willmcgugan,rich,willmcgugan,663092752,1595520292000,1595520292000,171
willmcgugan,rich,ewels,663172688,1595530137000,1595530137000,171
willmcgugan,rich,willmcgugan,662905045,1595495987000,1595495987000,170
willmcgugan,rich,ewels,662915244,1595497559000,1595497496000,170
willmcgugan,rich,willmcgugan,663092896,1595520305000,1595520305000,170
willmcgugan,rich,ewels,663172923,1595530167000,1595530167000,170
willmcgugan,rich,manthar-b,662801894,1595474981000,1595474981000,169
willmcgugan,rich,willmcgugan,662902600,1595495672000,1595495672000,169
willmcgugan,rich,hedythedev,662758872,1595463039000,1595463039000,168
willmcgugan,rich,willmcgugan,662529356,1595432671000,1595432671000,166
willmcgugan,rich,willmcgugan,662533872,1595433166000,1595433166000,166
willmcgugan,rich,willmcgugan,662550479,1595434916000,1595434916000,166
willmcgugan,rich,ocurero,662550483,1595434916000,1595434916000,166
willmcgugan,rich,willmcgugan,662551059,1595434983000,1595434983000,166
willmcgugan,rich,steven-murray,662105663,1595365474000,1595365474000,165
willmcgugan,rich,willmcgugan,662110002,1595366065000,1595366065000,165
willmcgugan,rich,steven-murray,662463991,1595425730000,1595425730000,165
willmcgugan,rich,willmcgugan,662473679,1595426845000,1595426768000,165
willmcgugan,rich,steven-murray,662476272,1595427042000,1595427042000,165
willmcgugan,rich,willmcgugan,661731962,1595322165000,1595322165000,164
willmcgugan,rich,The-Judge,661823663,1595334255000,1595334255000,164
willmcgugan,rich,willmcgugan,661831456,1595335147000,1595335147000,164
willmcgugan,rich,elicoten,668086945,1596468573000,1596468538000,164
willmcgugan,rich,ericsaintetienne,672293842,1597182275000,1597182107000,164
willmcgugan,rich,willmcgugan,735880045,1606752374000,1606752374000,164
willmcgugan,rich,willmcgugan,661023060,1595249893000,1595249893000,163
willmcgugan,rich,leej11,661122426,1595260081000,1595260081000,163
willmcgugan,rich,willmcgugan,661133885,1595261141000,1595261141000,163
willmcgugan,rich,remisphere,696103503,1600694415000,1600693816000,163
willmcgugan,rich,willmcgugan,660643413,1595165128000,1595165128000,162
willmcgugan,rich,willmcgugan,660649490,1595167921000,1595167921000,162
willmcgugan,rich,nmstoker,660729608,1595202773000,1595202773000,162
willmcgugan,rich,willmcgugan,671453309,1597076495000,1597076495000,162
willmcgugan,rich,nmstoker,672397912,1597192706000,1597192706000,162
willmcgugan,rich,willmcgugan,659302747,1594892846000,1594892846000,161
willmcgugan,rich,hedythedev,658641990,1594803580000,1594803580000,160
willmcgugan,rich,willmcgugan,658693711,1594809634000,1594809634000,160
willmcgugan,rich,willmcgugan,658695363,1594809857000,1594809857000,159
willmcgugan,rich,willmcgugan,657531940,1594643356000,1594643356000,158
willmcgugan,rich,jpfeuffer,657534103,1594643639000,1594643639000,158
willmcgugan,rich,willmcgugan,657627971,1594654097000,1594654097000,158
willmcgugan,rich,willmcgugan,657421610,1594630633000,1594630633000,157
willmcgugan,rich,AcidWeb,657443751,1594632800000,1594632800000,157
willmcgugan,rich,hedythedev,657182676,1594536335000,1594536335000,155
willmcgugan,rich,willmcgugan,657190229,1594541937000,1594541937000,155
willmcgugan,rich,bro-the,657083985,1594482424000,1594482424000,154
willmcgugan,rich,willmcgugan,657071054,1594477486000,1594477486000,153
willmcgugan,rich,cansarigol,657074826,1594478884000,1594478884000,153
willmcgugan,rich,willmcgugan,657075384,1594479090000,1594479090000,153
willmcgugan,rich,cansarigol,657078848,1594480425000,1594480425000,153
willmcgugan,rich,cansarigol,667843728,1596438066000,1596438066000,153
willmcgugan,rich,willmcgugan,668489302,1596533265000,1596533265000,153
willmcgugan,rich,cansarigol,668509489,1596535896000,1596535896000,153
willmcgugan,rich,willmcgugan,672749545,1597222901000,1597222901000,153
willmcgugan,rich,willmcgugan,656699749,1594390600000,1594390600000,151
willmcgugan,rich,yumere,657314663,1594604271000,1594604271000,151
willmcgugan,rich,willmcgugan,656725913,1594393788000,1594393788000,150
willmcgugan,rich,willmcgugan,656777470,1594399981000,1594399981000,150
willmcgugan,rich,jderagon,657555500,1594646327000,1594646327000,150
willmcgugan,rich,willmcgugan,657581937,1594649182000,1594649182000,150
willmcgugan,rich,efonte,657252172,1594574736000,1594574736000,149
willmcgugan,rich,willmcgugan,655666913,1594230798000,1594230798000,148
willmcgugan,rich,traviscook21,655701098,1594235195000,1594235195000,148
willmcgugan,rich,willmcgugan,655775593,1594244901000,1594244901000,148
willmcgugan,rich,traviscook21,656289848,1594320234000,1594320234000,148
willmcgugan,rich,ssbarnea,694720554,1600416093000,1600416093000,148
willmcgugan,rich,willmcgugan,694774228,1600422917000,1600422917000,148
willmcgugan,rich,willmcgugan,655781066,1594245753000,1594245753000,147
willmcgugan,rich,Congee,655786888,1594246701000,1594246701000,147
willmcgugan,rich,Congee,656345857,1594328022000,1594327996000,147
willmcgugan,rich,Honno,688286537,1599484160000,1599480877000,147
willmcgugan,rich,willmcgugan,688297001,1599482196000,1599482196000,147
willmcgugan,rich,willmcgugan,688442639,1599498738000,1599498738000,147
willmcgugan,rich,Honno,688466302,1599503336000,1599503289000,147
willmcgugan,rich,willmcgugan,655459467,1594207693000,1594207693000,146
willmcgugan,rich,jpfeuffer,655604915,1594223590000,1594223590000,146
willmcgugan,rich,willmcgugan,655455537,1594207183000,1594207183000,145
willmcgugan,rich,willmcgugan,735879853,1606752355000,1606752355000,145
willmcgugan,rich,willmcgugan,654723241,1594114009000,1594114009000,143
willmcgugan,rich,erezsh,654751510,1594116909000,1594116909000,143
willmcgugan,rich,willmcgugan,654175000,1594034690000,1594034690000,142
willmcgugan,rich,vlerenc,654188114,1594036477000,1594036477000,142
willmcgugan,rich,willmcgugan,654793764,1594121704000,1594121704000,142
willmcgugan,rich,vlerenc,654800394,1594122456000,1594122456000,142
willmcgugan,rich,willmcgugan,654167617,1594033735000,1594033735000,141
willmcgugan,rich,samarsault,654179586,1594035378000,1594035320000,141
willmcgugan,rich,willmcgugan,654798217,1594122222000,1594122222000,140
willmcgugan,rich,willmcgugan,654969881,1594138391000,1594138391000,140
willmcgugan,rich,willmcgugan,657424641,1594630946000,1594630946000,140
willmcgugan,rich,willmcgugan,657424749,1594630959000,1594630959000,139
willmcgugan,rich,willmcgugan,653943978,1593986217000,1593986217000,138
willmcgugan,rich,willmcgugan,653690772,1593816289000,1593816289000,137
willmcgugan,rich,luiscachog,653708804,1593828722000,1593828722000,137
willmcgugan,rich,willmcgugan,653555859,1593783898000,1593783898000,135
willmcgugan,rich,Niraj-Kamdar,653561869,1593784954000,1593784762000,135
willmcgugan,rich,willmcgugan,653565269,1593785246000,1593785246000,135
willmcgugan,rich,Niraj-Kamdar,653570519,1593785988000,1593785988000,135
willmcgugan,rich,Niraj-Kamdar,653572535,1593789558000,1593786286000,135
willmcgugan,rich,willmcgugan,653576663,1593786896000,1593786896000,135
willmcgugan,rich,willmcgugan,653578284,1593787164000,1593787164000,135
willmcgugan,rich,Niraj-Kamdar,653578384,1593787180000,1593787180000,135
willmcgugan,rich,Niraj-Kamdar,653593666,1593789580000,1593789580000,135
willmcgugan,rich,willmcgugan,653604173,1593791359000,1593791359000,135
willmcgugan,rich,Niraj-Kamdar,653604459,1593791419000,1593791419000,135
willmcgugan,rich,willmcgugan,653605553,1593791628000,1593791628000,135
willmcgugan,rich,willmcgugan,653607977,1593792083000,1593792083000,135
willmcgugan,rich,willmcgugan,653643980,1593800959000,1593800959000,135
willmcgugan,rich,Niraj-Kamdar,653670150,1593808178000,1593808178000,135
willmcgugan,rich,Niraj-Kamdar,653760509,1593866163000,1593866063000,135
willmcgugan,rich,willmcgugan,653763169,1593867548000,1593867548000,135
willmcgugan,rich,Niraj-Kamdar,653782396,1593878126000,1593878126000,135
willmcgugan,rich,Niraj-Kamdar,653782466,1593878175000,1593878164000,135
willmcgugan,rich,willmcgugan,653782692,1593878312000,1593878312000,135
willmcgugan,rich,Niraj-Kamdar,653783243,1593878620000,1593878620000,135
willmcgugan,rich,Niraj-Kamdar,653783460,1593878725000,1593878725000,135
willmcgugan,rich,willmcgugan,653784460,1593879237000,1593879237000,135
willmcgugan,rich,willmcgugan,653644442,1593801093000,1593801093000,134
willmcgugan,rich,ewels,659659159,1594931926000,1594931926000,134
willmcgugan,rich,jaimergp,661151696,1595262208000,1595262208000,134
willmcgugan,rich,ewels,661155377,1595262428000,1595262428000,134
willmcgugan,rich,willmcgugan,661176054,1595263617000,1595263617000,134
willmcgugan,rich,jan-janssen,661189439,1595264344000,1595264344000,134
willmcgugan,rich,willmcgugan,661201988,1595265060000,1595265060000,134
willmcgugan,rich,willmcgugan,661294749,1595274152000,1595274152000,134
willmcgugan,rich,ManavalanG,733923198,1606334903000,1606334873000,134
willmcgugan,rich,willmcgugan,653080551,1593704433000,1593704433000,132
willmcgugan,rich,htarnacki,653104474,1593707040000,1593707040000,132
willmcgugan,rich,willmcgugan,653107674,1593707439000,1593707439000,132
willmcgugan,rich,willmcgugan,653173246,1593716557000,1593716557000,132
willmcgugan,rich,htarnacki,653432953,1593771776000,1593766264000,132
willmcgugan,rich,willmcgugan,653521490,1593778785000,1593778785000,132
willmcgugan,rich,willmcgugan,653568509,1593785709000,1593785709000,132
willmcgugan,rich,htarnacki,653584620,1593788152000,1593788152000,132
willmcgugan,rich,willmcgugan,653644196,1593801020000,1593801020000,132
willmcgugan,rich,htarnacki,653674873,1593809580000,1593809580000,132
willmcgugan,rich,willmcgugan,651687195,1593510426000,1593510426000,131
willmcgugan,rich,staubda,653947548,1593988587000,1593988587000,131
willmcgugan,rich,willmcgugan,655770680,1594244168000,1594244168000,131
willmcgugan,rich,willmcgugan,656213926,1594310638000,1594310638000,131
willmcgugan,rich,leej11,656696602,1594390203000,1594390203000,131
willmcgugan,rich,willmcgugan,656702149,1594390897000,1594390897000,131
willmcgugan,rich,willmcgugan,656777161,1594399940000,1594399940000,131
willmcgugan,rich,willmcgugan,651689637,1593510735000,1593510735000,130
willmcgugan,rich,furunkel,651696890,1593511637000,1593511637000,130
willmcgugan,rich,willmcgugan,651699471,1593511932000,1593511932000,130
willmcgugan,rich,furunkel,651870420,1593531125000,1593531125000,130
willmcgugan,rich,willmcgugan,651915416,1593535695000,1593535695000,130
willmcgugan,rich,willmcgugan,650639976,1593296494000,1593296494000,129
willmcgugan,rich,John-Theo,650786833,1593360495000,1593360495000,129
willmcgugan,rich,willmcgugan,650539211,1593253885000,1593253885000,127
willmcgugan,rich,mrzv,650584799,1593276420000,1593276420000,127
willmcgugan,rich,willmcgugan,650764187,1593352868000,1593352868000,127
willmcgugan,rich,mrzv,650792844,1593363152000,1593363152000,127
willmcgugan,rich,mrzv,650793213,1593363316000,1593363316000,127
willmcgugan,rich,willmcgugan,650794380,1593363856000,1593363856000,127
willmcgugan,rich,mrzv,650794824,1593364078000,1593364078000,127
willmcgugan,rich,willmcgugan,651224910,1593447778000,1593447778000,127
willmcgugan,rich,mrzv,651227246,1593448045000,1593448045000,127
willmcgugan,rich,willmcgugan,651687945,1593510523000,1593510523000,127
willmcgugan,rich,willmcgugan,652334578,1593599231000,1593599085000,127
willmcgugan,rich,mrzv,652461328,1593614623000,1593614623000,127
willmcgugan,rich,willmcgugan,650271499,1593188874000,1593188874000,125
willmcgugan,rich,willmcgugan,650280893,1593189969000,1593189969000,125
willmcgugan,rich,SinghHrmn,650525643,1593247853000,1593247853000,125
willmcgugan,rich,willmcgugan,650535690,1593252401000,1593252401000,125
willmcgugan,rich,willmcgugan,650544568,1593256114000,1593256114000,125
willmcgugan,rich,SinghHrmn,650557064,1593262065000,1593262065000,125
willmcgugan,rich,willmcgugan,650567210,1593267753000,1593267753000,125
willmcgugan,rich,willmcgugan,650764729,1593353046000,1593353046000,125
willmcgugan,rich,willmcgugan,648782874,1593000836000,1593000836000,122
willmcgugan,rich,jamesb93,649665054,1593101645000,1593101492000,122
willmcgugan,rich,willmcgugan,649670154,1593101955000,1593101955000,122
willmcgugan,rich,jamesb93,649751870,1593110495000,1593110495000,122
willmcgugan,rich,nvitaly,648487408,1592956559000,1592956559000,121
willmcgugan,rich,willmcgugan,648716778,1592991973000,1592991973000,121
willmcgugan,rich,nvitaly,648736523,1592994358000,1592994358000,121
willmcgugan,rich,willmcgugan,648687372,1592988519000,1592988519000,120
willmcgugan,rich,ericxiao251,648904468,1593013800000,1593013792000,120
willmcgugan,rich,willmcgugan,648298033,1592932450000,1592932450000,119
willmcgugan,rich,willmcgugan,648304119,1592933133000,1592933133000,119
willmcgugan,rich,derekn,648326228,1592935425000,1592935425000,119
willmcgugan,rich,derekn,650330484,1593196199000,1593196199000,119
willmcgugan,rich,willmcgugan,650537638,1593253186000,1593253186000,119
willmcgugan,rich,derekn,650545512,1593256569000,1593256569000,119
willmcgugan,rich,willmcgugan,650569952,1593269142000,1593269142000,119
willmcgugan,rich,derekn,650598488,1593282658000,1593282658000,119
willmcgugan,rich,willmcgugan,648065480,1592909333000,1592909333000,117
willmcgugan,rich,lamby,646661814,1592576361000,1592576361000,115
willmcgugan,rich,willmcgugan,646697569,1592580452000,1592580452000,115
willmcgugan,rich,willmcgugan,646707731,1592581798000,1592581798000,114
willmcgugan,rich,willmcgugan,646711045,1592582250000,1592582250000,114
willmcgugan,rich,sondrelg,646962218,1592641279000,1592641279000,114
willmcgugan,rich,willmcgugan,646963733,1592642337000,1592642337000,114
willmcgugan,rich,sondrelg,646976865,1592650166000,1592650166000,114
willmcgugan,rich,willmcgugan,646983219,1592652714000,1592652714000,114
willmcgugan,rich,sondrelg,646986216,1592654721000,1592654721000,114
willmcgugan,rich,willmcgugan,647116105,1592739310000,1592739310000,114
willmcgugan,rich,willmcgugan,644776183,1592315158000,1592315158000,113
willmcgugan,rich,willmcgugan,644642629,1592298959000,1592298959000,112
willmcgugan,rich,willmcgugan,642507608,1591865474000,1591865474000,110
willmcgugan,rich,calebstewart,642805102,1591894242000,1591894242000,110
willmcgugan,rich,willmcgugan,642829643,1591897029000,1591897029000,110
willmcgugan,rich,calebstewart,642865158,1591901245000,1591901245000,110
willmcgugan,rich,willmcgugan,641872365,1591780960000,1591780960000,109
willmcgugan,rich,willmcgugan,641954500,1591790201000,1591790201000,109
willmcgugan,rich,michaelfyc,641957018,1591790474000,1591790474000,109
willmcgugan,rich,michaelfyc,642012052,1591795950000,1591795950000,109
willmcgugan,rich,willmcgugan,642016938,1591796446000,1591796446000,109
willmcgugan,rich,michaelfyc,642023891,1591796968000,1591796968000,109
willmcgugan,rich,willmcgugan,641886391,1591782245000,1591782245000,108
willmcgugan,rich,willmcgugan,641155210,1591694724000,1591694724000,107
willmcgugan,rich,smacke,641437281,1591721476000,1591721476000,107
willmcgugan,rich,willmcgugan,640762989,1591636808000,1591636808000,106
willmcgugan,rich,nisarg-ujjainkar,640777488,1591638538000,1591638538000,106
willmcgugan,rich,willmcgugan,641143565,1591693543000,1591693543000,106
willmcgugan,rich,nisarg-ujjainkar,642831960,1591897319000,1591897297000,106
willmcgugan,rich,willmcgugan,640041934,1591442287000,1591442287000,105
willmcgugan,rich,willmcgugan,640041756,1591442226000,1591442226000,104
willmcgugan,rich,willmcgugan,640468059,1591606635000,1591606635000,103
willmcgugan,rich,timfi,640671454,1591627133000,1591627105000,103
willmcgugan,rich,timfi,640750842,1591635716000,1591635494000,103
willmcgugan,rich,willmcgugan,641169490,1591695572000,1591695572000,103
willmcgugan,rich,timfi,641912700,1591785084000,1591785084000,103
willmcgugan,rich,willmcgugan,641916245,1591785504000,1591785504000,103
willmcgugan,rich,willmcgugan,735879669,1606752336000,1606752336000,103
willmcgugan,rich,willmcgugan,638054732,1591173988000,1591173988000,101
willmcgugan,rich,willmcgugan,638042378,1591172569000,1591172569000,100
willmcgugan,rich,Gwill,638216295,1591192721000,1591192721000,100
willmcgugan,rich,willmcgugan,638216938,1591192783000,1591192783000,100
willmcgugan,rich,willmcgugan,638043709,1591172728000,1591172728000,99
willmcgugan,rich,NeuroAssassin,638168216,1591190246000,1591187700000,99
willmcgugan,rich,willmcgugan,638247604,1591195685000,1591195685000,99
willmcgugan,rich,NeuroAssassin,638251905,1591196122000,1591196122000,99
willmcgugan,rich,NeuroAssassin,638286139,1591199493000,1591199493000,99
willmcgugan,rich,willmcgugan,638288039,1591199681000,1591199681000,99
willmcgugan,rich,NeuroAssassin,638324391,1591203469000,1591203373000,99
willmcgugan,rich,NeuroAssassin,638362313,1591206912000,1591206912000,99
willmcgugan,rich,willmcgugan,637669793,1591115792000,1591115792000,98
willmcgugan,rich,cbrnr,637707391,1591120269000,1591120269000,98
willmcgugan,rich,willmcgugan,638047264,1591173151000,1591173151000,98
willmcgugan,rich,cbrnr,638065479,1591175049000,1591175049000,98
willmcgugan,rich,willmcgugan,640471548,1591606998000,1591606998000,98
willmcgugan,rich,willmcgugan,645991904,1592484079000,1592484079000,98
willmcgugan,rich,willmcgugan,634549668,1590572527000,1590572527000,94
willmcgugan,rich,fgheng,634686219,1590588573000,1590588573000,94
willmcgugan,rich,willmcgugan,634689205,1590588859000,1590588859000,94
willmcgugan,rich,fgheng,635334083,1590670735000,1590670735000,94
willmcgugan,rich,willmcgugan,635351613,1590672652000,1590672652000,94
willmcgugan,rich,willmcgugan,636494553,1590942667000,1590942667000,94
willmcgugan,rich,willmcgugan,634075231,1590504736000,1590504736000,93
willmcgugan,rich,eulertour,633222186,1590322459000,1590322459000,92
willmcgugan,rich,willmcgugan,633215169,1590318816000,1590318816000,91
willmcgugan,rich,willmcgugan,633219406,1590321049000,1590321049000,90
willmcgugan,rich,willmcgugan,633236748,1590329399000,1590329399000,90
willmcgugan,rich,eulertour,633295748,1590352852000,1590352852000,90
willmcgugan,rich,willmcgugan,633301075,1590354790000,1590354790000,90
willmcgugan,rich,willmcgugan,633149926,1590273834000,1590273834000,89
willmcgugan,rich,ThowV,633150692,1590274422000,1590274422000,89
willmcgugan,rich,willmcgugan,633261754,1590340294000,1590340294000,89
willmcgugan,rich,willmcgugan,633055305,1590241956000,1590241039000,88
willmcgugan,rich,willmcgugan,633057905,1590241913000,1590241913000,88
willmcgugan,rich,aroberge,633063013,1590243604000,1590243604000,88
willmcgugan,rich,willmcgugan,633072216,1590246400000,1590246400000,88
willmcgugan,rich,DHowett,633118125,1590260432000,1590260432000,88
willmcgugan,rich,willmcgugan,633123250,1590262132000,1590262132000,88
willmcgugan,rich,ankitbhatia,633293932,1590352241000,1590352192000,88
willmcgugan,rich,willmcgugan,636718543,1591002297000,1591002297000,88
willmcgugan,rich,eulertour,633029037,1590232360000,1590232360000,87
willmcgugan,rich,willmcgugan,633080567,1590248969000,1590248969000,87
willmcgugan,rich,eulertour,633147716,1590272261000,1590272261000,87
willmcgugan,rich,eulertour,633150022,1590273983000,1590273912000,87
willmcgugan,rich,eulertour,633166746,1590286556000,1590286556000,87
willmcgugan,rich,calve,642549132,1591870122000,1591870122000,87
willmcgugan,rich,willmcgugan,642558021,1591871304000,1591871304000,87
willmcgugan,rich,calve,642582579,1591874861000,1591874861000,87
willmcgugan,rich,willmcgugan,642608597,1591878101000,1591878101000,87
willmcgugan,rich,willmcgugan,643627979,1592056930000,1592056930000,87
willmcgugan,rich,willmcgugan,643830599,1592173769000,1592173769000,87
willmcgugan,rich,calve,643986915,1592210109000,1592210109000,87
willmcgugan,rich,willmcgugan,644127207,1592226846000,1592226846000,87
willmcgugan,rich,willmcgugan,631631512,1589997424000,1589997424000,86
willmcgugan,rich,efenka,631643407,1589998866000,1589998866000,86
willmcgugan,rich,willmcgugan,630857384,1589898582000,1589898582000,85
willmcgugan,rich,aroberge,630861750,1589898969000,1589898969000,85
willmcgugan,rich,willmcgugan,630864458,1589899215000,1589899215000,85
willmcgugan,rich,aroberge,630874208,1589900052000,1589900052000,85
willmcgugan,rich,willmcgugan,630954314,1589907941000,1589907941000,85
willmcgugan,rich,aroberge,630959544,1589908553000,1589908553000,85
willmcgugan,rich,willmcgugan,630670860,1589877091000,1589877091000,84
willmcgugan,rich,efenka,630693510,1589879497000,1589879497000,84
willmcgugan,rich,willmcgugan,630954637,1589907977000,1589907977000,84
willmcgugan,rich,efenka,631615078,1589995512000,1589995512000,84
willmcgugan,rich,willmcgugan,630673468,1589877381000,1589877381000,83
willmcgugan,rich,netllama,630827351,1589895765000,1589895765000,83
willmcgugan,rich,willmcgugan,630830615,1589896059000,1589896059000,83
willmcgugan,rich,netllama,630831844,1589896186000,1589896186000,83
willmcgugan,rich,willmcgugan,630669837,1589876981000,1589876981000,82
willmcgugan,rich,willmcgugan,633093421,1590252739000,1590252739000,82
willmcgugan,rich,mschmidtkorth,633195321,1590307552000,1590307552000,82
willmcgugan,rich,willmcgugan,633211373,1590316782000,1590316782000,82
willmcgugan,rich,mschmidtkorth,633247940,1590334639000,1590334142000,82
willmcgugan,rich,willmcgugan,633262517,1590340650000,1590340650000,82
willmcgugan,rich,willmcgugan,633287257,1590350055000,1590350055000,82
willmcgugan,rich,mschmidtkorth,633310862,1590359895000,1590359895000,82
willmcgugan,rich,willmcgugan,629784019,1589715989000,1589715989000,81
willmcgugan,rich,bdillahu,629799103,1589722206000,1589722206000,81
willmcgugan,rich,willmcgugan,629783888,1589715915000,1589715915000,80
willmcgugan,rich,willmcgugan,629783602,1589715767000,1589715767000,79
willmcgugan,rich,willmcgugan,629635083,1589630560000,1589630560000,78
willmcgugan,rich,willmcgugan,635361702,1590673734000,1590673734000,78
willmcgugan,rich,willmcgugan,629634237,1589630143000,1589630143000,77
willmcgugan,rich,Dude-X,629847068,1589743260000,1589743260000,77
willmcgugan,rich,willmcgugan,629847964,1589743664000,1589743664000,77
willmcgugan,rich,clay584,670513868,1596806526000,1596806526000,77
willmcgugan,rich,Dude-X,670659857,1596826328000,1596826328000,77
willmcgugan,rich,clay584,670662317,1596826667000,1596826667000,77
willmcgugan,rich,amartya-dev,703155915,1601754437000,1601754437000,77
willmcgugan,rich,willmcgugan,703158559,1601755644000,1601755644000,77
willmcgugan,rich,1dancook,705525029,1602158933000,1602158933000,77
willmcgugan,rich,willmcgugan,706557570,1602339987000,1602339987000,77
willmcgugan,rich,1dancook,706690401,1602416938000,1602415707000,77
willmcgugan,rich,willmcgugan,706696278,1602418627000,1602418627000,77
willmcgugan,rich,Edward-Knight,708647267,1602707935000,1602707935000,77
willmcgugan,rich,Dude-X,711289517,1603040217000,1603040217000,77
willmcgugan,rich,willmcgugan,711289967,1603040289000,1603040289000,77
willmcgugan,rich,willmcgugan,629633737,1589629864000,1589629864000,76
willmcgugan,rich,willmcgugan,629120353,1589533194000,1589533194000,75
willmcgugan,rich,willmcgugan,629191102,1589543374000,1589543374000,75
willmcgugan,rich,willmcgugan,629117457,1589532849000,1589532849000,74
willmcgugan,rich,chfw,629478440,1589576091000,1589576091000,74
willmcgugan,rich,willmcgugan,629484603,1589576823000,1589576823000,74
willmcgugan,rich,chfw,629511225,1589579416000,1589579416000,74
willmcgugan,rich,willmcgugan,629113214,1589532360000,1589532360000,73
willmcgugan,rich,willmcgugan,629191958,1589543507000,1589543507000,73
willmcgugan,rich,willmcgugan,628442022,1589440909000,1589440909000,72
willmcgugan,rich,x011,628361557,1589426217000,1589426217000,71
willmcgugan,rich,willmcgugan,628667258,1589465934000,1589465934000,71
willmcgugan,rich,willmcgugan,628076210,1589384586000,1589384586000,70
willmcgugan,rich,fengredrum,628371105,1589428487000,1589428487000,70
willmcgugan,rich,willmcgugan,627843867,1589359645000,1589359645000,69
willmcgugan,rich,keelung-yang,627868573,1589362347000,1589362347000,69
willmcgugan,rich,willmcgugan,627572762,1589314946000,1589314946000,68
willmcgugan,rich,beojan,627917530,1589368808000,1589368808000,68
willmcgugan,rich,willmcgugan,627191642,1589271797000,1589271797000,67
willmcgugan,rich,willmcgugan,626679814,1589201198000,1589201198000,66
willmcgugan,rich,StephenPCG,626300746,1589103730000,1589103730000,64
willmcgugan,rich,StephenPCG,626301052,1589103901000,1589103901000,64
willmcgugan,rich,willmcgugan,626304939,1589106058000,1589106058000,64
willmcgugan,rich,mjlbach,627796900,1589354263000,1589354263000,64
willmcgugan,rich,StephenPCG,627858348,1589361244000,1589361244000,64
willmcgugan,rich,willmcgugan,627868007,1589362276000,1589362276000,64
willmcgugan,rich,willmcgugan,628569313,1589455424000,1589455424000,64
willmcgugan,rich,willmcgugan,628838780,1589484069000,1589484069000,64
willmcgugan,rich,mjlbach,628841224,1589484381000,1589484381000,64
willmcgugan,rich,willmcgugan,628847655,1589485226000,1589485226000,64
willmcgugan,rich,mjlbach,628849474,1589485453000,1589485453000,64
willmcgugan,rich,akvail,628893425,1589491313000,1589491313000,64
willmcgugan,rich,willmcgugan,629121492,1589533325000,1589533325000,64
willmcgugan,rich,willmcgugan,629191454,1589543430000,1589543430000,64
willmcgugan,rich,kkapka,626190305,1589037076000,1589037076000,63
willmcgugan,rich,willmcgugan,628232848,1589402256000,1589402256000,63
willmcgugan,rich,willmcgugan,626164657,1589025380000,1589025380000,62
willmcgugan,rich,DarkCode01,626032414,1588973914000,1588973914000,61
willmcgugan,rich,mrozekma,626040650,1588975460000,1588975460000,61
willmcgugan,rich,willmcgugan,626165433,1589025722000,1589025722000,61
willmcgugan,rich,willmcgugan,626165116,1589025587000,1589025587000,60
willmcgugan,rich,willmcgugan,627252069,1589278868000,1589278868000,60
willmcgugan,rich,vlschmidt,625145882,1588844449000,1588844449000,59
willmcgugan,rich,Benny121221,625476960,1588882904000,1588882904000,59
willmcgugan,rich,vlschmidt,625670140,1588921368000,1588921368000,59
willmcgugan,rich,frankenstein91,625719528,1588928862000,1588928862000,59
willmcgugan,rich,willmcgugan,625805533,1588943090000,1588943090000,59
willmcgugan,rich,vlschmidt,625818204,1588945392000,1588944830000,59
willmcgugan,rich,frankenstein91,625078059,1588836117000,1588836117000,58
willmcgugan,rich,willmcgugan,625134210,1588843024000,1588843024000,58
willmcgugan,rich,frankenstein91,625139105,1588843607000,1588843607000,58
willmcgugan,rich,willmcgugan,625143490,1588844154000,1588844154000,58
willmcgugan,rich,frankenstein91,625167978,1588847096000,1588847096000,58
willmcgugan,rich,willmcgugan,625191397,1588850144000,1588850144000,58
willmcgugan,rich,frankenstein91,625197766,1588850955000,1588850955000,58
willmcgugan,rich,willmcgugan,625199121,1588851133000,1588851133000,58
willmcgugan,rich,frankenstein91,625206368,1588852148000,1588852148000,58
willmcgugan,rich,willmcgugan,625795245,1588941472000,1588941472000,57
willmcgugan,rich,willmcgugan,625126212,1588842081000,1588842081000,56
willmcgugan,rich,willmcgugan,625795335,1588941488000,1588941488000,56
willmcgugan,rich,willmcgugan,625811689,1588943935000,1588943935000,55
willmcgugan,rich,willmcgugan,624584368,1588763191000,1588763191000,54
willmcgugan,rich,e0lithic,675237095,1597723664000,1597723664000,54
willmcgugan,rich,willmcgugan,675364592,1597742274000,1597742274000,54
willmcgugan,rich,willmcgugan,624520155,1588754767000,1588754767000,53
willmcgugan,rich,NightMachinary,624727169,1588779836000,1588779836000,53
willmcgugan,rich,willmcgugan,624728672,1588779983000,1588779983000,53
willmcgugan,rich,willmcgugan,624521401,1588754929000,1588754929000,52
willmcgugan,rich,azrafe7,624649600,1588771727000,1588771727000,52
willmcgugan,rich,willmcgugan,624524065,1588755269000,1588755269000,51
willmcgugan,rich,acabal,624657760,1588772617000,1588772617000,51
willmcgugan,rich,acabal,624662127,1588775164000,1588773089000,51
willmcgugan,rich,willmcgugan,624671213,1588774052000,1588774052000,51
willmcgugan,rich,willmcgugan,626164219,1589025155000,1589025155000,51
willmcgugan,rich,acabal,626199214,1589040779000,1589040779000,51
willmcgugan,rich,willmcgugan,626316055,1589111460000,1589111460000,51
willmcgugan,rich,willmcgugan,626330231,1589118221000,1589118221000,51
willmcgugan,rich,acabal,626358322,1589130197000,1589130197000,51
willmcgugan,rich,willmcgugan,624526022,1588755520000,1588755520000,50
willmcgugan,rich,makkus,624528161,1588755766000,1588755766000,50
willmcgugan,rich,willmcgugan,624527553,1588755694000,1588755694000,49
willmcgugan,rich,fiveohhh,624186696,1588698688000,1588698688000,48
willmcgugan,rich,willmcgugan,624187514,1588698784000,1588698784000,48
willmcgugan,rich,fiveohhh,624232297,1588703723000,1588703723000,48
willmcgugan,rich,willmcgugan,624186146,1588698625000,1588698625000,47
willmcgugan,rich,FilipAndersson245,624200573,1588700080000,1588700080000,47
willmcgugan,rich,willmcgugan,623977143,1588674702000,1588674702000,44
willmcgugan,rich,NightMachinary,624499683,1588752209000,1588751913000,44
willmcgugan,rich,willmcgugan,624528101,1588755758000,1588755758000,44
willmcgugan,rich,willmcgugan,625796398,1588941661000,1588941661000,44
willmcgugan,rich,willmcgugan,623981113,1588675326000,1588675326000,43
willmcgugan,rich,big-o,623990848,1588676797000,1588676797000,43
willmcgugan,rich,lukexyz,625642561,1588916713000,1588916713000,43
willmcgugan,rich,willmcgugan,635470934,1590685120000,1590685120000,43
willmcgugan,rich,big-o,635480577,1590686296000,1590685926000,43
willmcgugan,rich,lukexyz,635480970,1590685967000,1590685967000,43
willmcgugan,rich,big-o,635482946,1590686210000,1590686210000,43
willmcgugan,rich,willmcgugan,635486525,1590686639000,1590686639000,43
willmcgugan,rich,big-o,635494190,1590687539000,1590687539000,43
willmcgugan,rich,willmcgugan,636494339,1590942571000,1590942571000,43
willmcgugan,rich,harperj,623873677,1588659161000,1588659161000,42
willmcgugan,rich,willmcgugan,623943747,1588669826000,1588669826000,42
willmcgugan,rich,harperj,624254206,1588706301000,1588706301000,42
willmcgugan,rich,willmcgugan,623939228,1588669170000,1588669170000,41
willmcgugan,rich,willmcgugan,623939035,1588669143000,1588669143000,40
willmcgugan,rich,willmcgugan,623723399,1588628547000,1588628547000,39
willmcgugan,rich,acabal,623724180,1588628654000,1588628654000,39
willmcgugan,rich,willmcgugan,619852505,1587979429000,1587979429000,38
willmcgugan,rich,edraobdu,619609886,1587928795000,1587928795000,37
willmcgugan,rich,willmcgugan,619620080,1587932847000,1587932847000,37
willmcgugan,rich,willmcgugan,620669210,1588086814000,1588086814000,37
willmcgugan,rich,willmcgugan,633081867,1590249370000,1590249370000,37
willmcgugan,rich,willmcgugan,661833733,1595335324000,1595335324000,37
willmcgugan,rich,willmcgugan,682828520,1598631678000,1598631678000,37
willmcgugan,rich,Edward-Knight,713837159,1603310064000,1603310064000,37
willmcgugan,rich,willmcgugan,735878859,1606752262000,1606752262000,37
willmcgugan,rich,willmcgugan,619435534,1587846123000,1587846123000,36
willmcgugan,rich,coobr01,619440788,1587848810000,1587848810000,36
willmcgugan,rich,willmcgugan,617640142,1587544971000,1587544971000,35
willmcgugan,rich,RatanShreshtha,617664064,1587547676000,1587547676000,35
willmcgugan,rich,willmcgugan,617665086,1587547794000,1587547794000,35
willmcgugan,rich,willmcgugan,617045346,1587458990000,1587458990000,34
willmcgugan,rich,Azraeht,617045477,1587459003000,1587459003000,34
willmcgugan,rich,Azraeht,617045676,1587459026000,1587459026000,34
willmcgugan,rich,willmcgugan,617045774,1587459038000,1587459038000,34
willmcgugan,rich,willmcgugan,615963788,1587248755000,1587248755000,33
willmcgugan,rich,myrmica-habilis,616071317,1587283341000,1587283341000,33
willmcgugan,rich,myrmica-habilis,616114049,1587296983000,1587296983000,33
willmcgugan,rich,willmcgugan,616120115,1587298792000,1587298764000,33
willmcgugan,rich,myrmica-habilis,616121933,1587299290000,1587299290000,33
willmcgugan,rich,willmcgugan,616137444,1587303656000,1587303656000,33
willmcgugan,rich,lillian27,612514642,1586639579000,1586639579000,32
willmcgugan,rich,willmcgugan,612597211,1586689154000,1586689154000,32
willmcgugan,rich,willmcgugan,613483339,1586875288000,1586875288000,32
willmcgugan,rich,willmcgugan,612603318,1586692592000,1586692592000,31
willmcgugan,rich,ytti,612609687,1586695971000,1586695971000,31
willmcgugan,rich,GeekDuanLian,606271833,1585605270000,1585605270000,30
willmcgugan,rich,willmcgugan,606275837,1585605912000,1585605912000,30
willmcgugan,rich,GeekDuanLian,606282344,1585606924000,1585606924000,30
willmcgugan,rich,willmcgugan,606628949,1585661471000,1585661471000,30
willmcgugan,rich,GeekDuanLian,606676499,1585666297000,1585666297000,30
willmcgugan,rich,willmcgugan,606715331,1585669982000,1585669982000,30
willmcgugan,rich,GeekDuanLian,606717699,1585670228000,1585670228000,30
willmcgugan,rich,willmcgugan,606627154,1585661299000,1585661299000,29
willmcgugan,rich,willmcgugan,605860862,1585557315000,1585557315000,28
willmcgugan,rich,willmcgugan,605615976,1585478133000,1585478133000,27
willmcgugan,rich,GeekDuanLian,605616916,1585478670000,1585478670000,27
willmcgugan,rich,willmcgugan,605632804,1585487128000,1585487128000,27
willmcgugan,rich,GeekDuanLian,605633873,1585487677000,1585487677000,27
willmcgugan,rich,jjmachan,605598434,1585467457000,1585467457000,26
willmcgugan,rich,willmcgugan,605615487,1585477836000,1585477836000,26
willmcgugan,rich,willmcgugan,605643636,1585491597000,1585491597000,26
willmcgugan,rich,willmcgugan,605663913,1585499868000,1585499868000,26
willmcgugan,rich,jjmachan,605797790,1585547831000,1585547831000,26
willmcgugan,rich,willmcgugan,604924899,1585304716000,1585304716000,25
willmcgugan,rich,GeekDuanLian,604965375,1585310969000,1585310969000,25
willmcgugan,rich,willmcgugan,604881112,1585298223000,1585298223000,24
willmcgugan,rich,willmcgugan,604871664,1585296775000,1585296775000,23
willmcgugan,rich,willmcgugan,604876638,1585297548000,1585297548000,23
willmcgugan,rich,willmcgugan,604880573,1585298142000,1585298142000,23
willmcgugan,rich,bphunter1972,605114216,1585328505000,1585328505000,23
willmcgugan,rich,willmcgugan,605209503,1585334915000,1585334915000,23
willmcgugan,rich,bphunter1972,605210407,1585335040000,1585335040000,23
willmcgugan,rich,willmcgugan,599228015,1584287539000,1584287539000,21
willmcgugan,rich,todoesverso,599255218,1584301397000,1584301397000,21
willmcgugan,rich,willmcgugan,599101561,1584206002000,1584206002000,20
willmcgugan,rich,damontallen,599101673,1584206030000,1584206030000,20
willmcgugan,rich,damontallen,599103294,1584206650000,1584206496000,20
willmcgugan,rich,damontallen,599103578,1584206871000,1584206580000,20
willmcgugan,rich,damontallen,599104813,1584206948000,1584206934000,20
willmcgugan,rich,willmcgugan,599104893,1584206954000,1584206954000,20
willmcgugan,rich,damontallen,599105184,1584207040000,1584207040000,20
willmcgugan,rich,willmcgugan,597630370,1583932949000,1583932949000,19
willmcgugan,rich,GeekDuanLian,597641369,1583934022000,1583934022000,19
willmcgugan,rich,willmcgugan,597648275,1583934854000,1583934854000,19
willmcgugan,rich,GeekDuanLian,597649979,1583935055000,1583935055000,19
willmcgugan,rich,willmcgugan,599785549,1584397589000,1584397589000,19
willmcgugan,rich,GeekDuanLian,599967284,1584437182000,1584437182000,19
willmcgugan,rich,willmcgugan,599972822,1584437935000,1584437935000,19
willmcgugan,rich,willmcgugan,600880431,1584568831000,1584568831000,19
willmcgugan,rich,willmcgugan,596672416,1583775229000,1583775229000,18
willmcgugan,rich,thebigmunch,596688280,1583777131000,1583776995000,18
willmcgugan,rich,willmcgugan,596706829,1583778675000,1583778675000,18
willmcgugan,rich,thebigmunch,596727389,1583780927000,1583780927000,18
willmcgugan,rich,thebigmunch,596728568,1583781164000,1583781082000,18
willmcgugan,rich,thebigmunch,596733890,1583781769000,1583781769000,18
willmcgugan,rich,thebigmunch,596737377,1583782371000,1583782259000,18
willmcgugan,rich,thebigmunch,596743505,1583782999000,1583782999000,18
willmcgugan,rich,willmcgugan,596789389,1583789412000,1583789412000,18
willmcgugan,rich,thebigmunch,596798308,1583790900000,1583790900000,18
willmcgugan,rich,willmcgugan,596803354,1583791769000,1583791769000,18
willmcgugan,rich,wookayin,596333270,1583730324000,1583730307000,17
willmcgugan,rich,willmcgugan,596671382,1583775114000,1583775114000,17
willmcgugan,rich,thebigmunch,596693833,1583777618000,1583777618000,17
willmcgugan,rich,willmcgugan,596204092,1583672992000,1583672992000,16
willmcgugan,rich,wookayin,596245631,1583697522000,1583697522000,16
willmcgugan,rich,wookayin,596333066,1583730243000,1583730243000,16
willmcgugan,rich,willmcgugan,596200848,1583670932000,1583670932000,15
willmcgugan,rich,wookayin,596245297,1583697341000,1583697341000,15
willmcgugan,rich,willmcgugan,596488828,1583755760000,1583755760000,15
willmcgugan,rich,thebigmunch,596496517,1583756875000,1583756875000,15
willmcgugan,rich,willmcgugan,596517039,1583759738000,1583759738000,15
willmcgugan,rich,willmcgugan,595667210,1583484790000,1583484790000,14
willmcgugan,rich,willmcgugan,595685731,1583487617000,1583487617000,14
willmcgugan,rich,thebigmunch,595723791,1583493547000,1583493511000,14
willmcgugan,rich,willmcgugan,595725452,1583493783000,1583493783000,14
willmcgugan,rich,thebigmunch,596233432,1583690712000,1583690712000,14
willmcgugan,rich,willmcgugan,596234151,1583691179000,1583691179000,14
willmcgugan,rich,thebigmunch,596237387,1583693095000,1583693076000,14
willmcgugan,rich,willmcgugan,596241561,1583695212000,1583695212000,14
willmcgugan,rich,thebigmunch,596241805,1583695366000,1583695366000,14
willmcgugan,rich,thebigmunch,596518413,1583759905000,1583759905000,14
willmcgugan,rich,willmcgugan,596523740,1583760522000,1583760522000,14
willmcgugan,rich,thebigmunch,596542735,1583762672000,1583762638000,14
willmcgugan,rich,thebigmunch,596546893,1583763103000,1583763072000,14
willmcgugan,rich,thebigmunch,596570359,1583765133000,1583764561000,14
willmcgugan,rich,willmcgugan,596805057,1583792074000,1583792074000,14
willmcgugan,rich,thebigmunch,596828170,1583796755000,1583796755000,14
willmcgugan,rich,thebigmunch,596828847,1583796917000,1583796917000,14
willmcgugan,rich,thebigmunch,597001222,1583834462000,1583834462000,14
willmcgugan,rich,thebigmunch,597052156,1583842128000,1583842128000,14
willmcgugan,rich,willmcgugan,597141450,1583853256000,1583853256000,14
willmcgugan,rich,willmcgugan,591074541,1582665575000,1582665575000,13
willmcgugan,rich,willmcgugan,594032681,1583252007000,1583252007000,13
willmcgugan,rich,willmcgugan,591074116,1582665513000,1582665513000,12
willmcgugan,rich,darrenburns,591076100,1582665808000,1582665808000,12
willmcgugan,rich,willmcgugan,591077991,1582666070000,1582666070000,12
willmcgugan,rich,willmcgugan,594031401,1583251857000,1583251857000,12
willmcgugan,rich,willmcgugan,590540975,1582577275000,1582577275000,11
willmcgugan,rich,willmcgugan,590538758,1582576949000,1582576949000,10
willmcgugan,rich,darrenburns,590541839,1582577405000,1582577405000,10
willmcgugan,rich,willmcgugan,590542718,1582577530000,1582577530000,10
willmcgugan,rich,willmcgugan,590534910,1582576358000,1582576358000,9
willmcgugan,rich,willmcgugan,594031062,1583251814000,1583251814000,9
willmcgugan,rich,willmcgugan,590342616,1582554106000,1582554106000,8
willmcgugan,rich,willmcgugan,594029898,1583251683000,1583251683000,8
willmcgugan,rich,thebigmunch,594082921,1583258105000,1583258105000,8
willmcgugan,rich,willmcgugan,581836698,1580811257000,1580811257000,7
willmcgugan,rich,dzerrenner,581849829,1580813306000,1580813306000,7
willmcgugan,rich,willmcgugan,582051180,1580841133000,1580841133000,7
willmcgugan,rich,willmcgugan,579757994,1580305001000,1580305001000,6
willmcgugan,rich,adamchainz,579152798,1580203289000,1580203289000,5
willmcgugan,rich,willmcgugan,579157593,1580204022000,1580204022000,5
willmcgugan,rich,willmcgugan,578802006,1580138863000,1580138863000,4
willmcgugan,rich,pfmoore,578813957,1580140428000,1580140428000,4
willmcgugan,rich,pfmoore,578819303,1580141109000,1580141109000,4
willmcgugan,rich,willmcgugan,578828327,1580142218000,1580142218000,4
willmcgugan,rich,pfmoore,578830501,1580142472000,1580142472000,4
willmcgugan,rich,willmcgugan,582052585,1580841338000,1580841338000,4
willmcgugan,rich,Kirill,639426749,1591356833000,1591356833000,4
willmcgugan,rich,willmcgugan,639427909,1591357005000,1591357005000,4
willmcgugan,rich,willmcgugan,578522823,1580058998000,1580058998000,3
willmcgugan,rich,willmcgugan,579839227,1580315075000,1580315075000,3
willmcgugan,rich,bdice,579871582,1580319268000,1580319268000,3
willmcgugan,rich,willmcgugan,635367026,1590674284000,1590674284000,3
willmcgugan,rich,willmcgugan,578484989,1580030939000,1580030939000,2
willmcgugan,rich,bwalrond,578507523,1580049383000,1580049383000,2
willmcgugan,rich,willmcgugan,578508584,1580050146000,1580050146000,2
willmcgugan,rich,bwalrond,578514502,1580053640000,1580053640000,2
willmcgugan,rich,willmcgugan,578515367,1580054187000,1580054187000,2
willmcgugan,rich,bwalrond,578535910,1580067895000,1580067895000,2
willmcgugan,rich,willmcgugan,578801234,1580138758000,1580138758000,2
willmcgugan,rich,bwalrond,579018309,1580170415000,1580170415000,2
willmcgugan,rich,willmcgugan,594037053,1583252514000,1583252514000,2
willmcgugan,rich,willmcgugan,577840901,1579808272000,1579808272000,1
willmcgugan,rich,naltun,577875428,1579813402000,1579813336000,1
willmcgugan,rich,willmcgugan,577876079,1579813453000,1579813453000,1
willmcgugan,rich,willmcgugan,578513078,1580052666000,1580052666000,1
