Week,WeekNumber
1577577600000,1
1578182400000,2
1578787200000,3
1579392000000,4
1579996800000,5
1580601600000,6
1581206400000,7
1581811200000,8
1582416000000,9
1583020800000,10
1583625600000,11
1584230400000,12
1584835200000,13
1585440000000,14
1586044800000,15
1586649600000,16
1587254400000,17
1587859200000,18
1588464000000,19
1589068800000,20
1589673600000,21
1590278400000,22
1590883200000,23
1591488000000,24
1592092800000,25
1592697600000,26
1593302400000,27
1593907200000,28
1594512000000,29
1595116800000,30
1595721600000,31
1596326400000,32
1596931200000,33
1597536000000,34
1598140800000,35
1598745600000,36
1599350400000,37
1599955200000,38
1600560000000,39
1601164800000,40
1601769600000,41
1602374400000,42
1602979200000,43
1603584000000,44
1604188800000,45
1604793600000,46
1605398400000,47
1606003200000,48
1606608000000,49
1607212800000,50
1607817600000,51
1608422400000,52
1609027200000,53
