Owner,Repo,Author,State,IssueId,CommentCount,LastUpdated,CreatedAt,ClosedAt,Type
willmcgugan,rich,fatemonk,closed,854,0,1608903039000,1608891657000,1608903039000,ISSUE
willmcgugan,rich,fatemonk,closed,854,0,1608903039000,1608891657000,1608903039000,ISSUE
willmcgugan,rich,PyGamer0,closed,851,2,1608890989000,1608791335000,1608890988000,ISSUE
willmcgugan,rich,jack1142,open,850,4,1608830297000,1608685567000,,ISSUE
willmcgugan,rich,jack1142,open,849,4,1608825556000,1608676762000,,ISSUE
willmcgugan,rich,codemicro,closed,845,2,1608649522000,1608643174000,1608649522000,ISSUE
willmcgugan,rich,dukea42,open,844,1,1608583086000,1608581792000,,ISSUE
willmcgugan,rich,HarshCasper,closed,842,0,1608532435000,1608532243000,1608532425000,PR
willmcgugan,rich,ssbarnea,closed,841,1,1608463851000,1608463366000,1608463851000,ISSUE
willmcgugan,rich,Imipenem,closed,840,4,1608416543000,1608407517000,1608416543000,ISSUE
willmcgugan,rich,daVinci13,closed,838,1,1608401784000,1608392379000,1608401784000,ISSUE
willmcgugan,rich,iisaka51,closed,837,2,1608387060000,1608333312000,1608387060000,PR
willmcgugan,rich,AcidWeb,closed,836,3,1608415475000,1608315071000,1608316868000,ISSUE
willmcgugan,rich,willmcgugan,closed,835,1,1608307525000,1608307246000,1608307480000,PR
willmcgugan,rich,serhiy-storchaka,closed,832,2,1608316497000,1608231942000,1608307844000,ISSUE
willmcgugan,rich,willmcgugan,closed,831,1,1608305635000,1608225781000,1608305632000,PR
willmcgugan,rich,Mr-Milk,open,830,2,1608306756000,1608207349000,,ISSUE
willmcgugan,rich,tuukkamustonen,closed,829,6,1608327797000,1608204258000,1608327797000,ISSUE
willmcgugan,rich,serhiy-storchaka,closed,828,1,1608307865000,1608201860000,1608307865000,ISSUE
willmcgugan,rich,serhiy-storchaka,closed,827,1,1608307930000,1608200903000,1608307930000,ISSUE
willmcgugan,rich,bphunter1972,open,826,1,1608225668000,1608160540000,,ISSUE
willmcgugan,rich,M4cs,closed,825,2,1608173686000,1608151850000,1608173686000,ISSUE
willmcgugan,rich,hamelsmu,closed,824,2,1608154424000,1608151011000,1608154424000,PR
willmcgugan,rich,Szymin02034,closed,823,0,1608137272000,1608137217000,1608137272000,ISSUE
willmcgugan,rich,Sassybabydoll1969,closed,639,0,1608109142000,1608109020000,1608109142000,ISSUE
willmcgugan,rich,rcx,closed,509,1,1608109646000,1608096365000,1608109646000,ISSUE
willmcgugan,rich,oleksis,closed,508,2,1608160005000,1608090374000,1608160005000,PR
willmcgugan,rich,phamquiluan,closed,507,1,1608225700000,1608089334000,1608225700000,ISSUE
willmcgugan,rich,qml2n,closed,506,0,1608106331000,1608084931000,1608106331000,ISSUE
willmcgugan,rich,Tzeusy,closed,505,1,1608109862000,1608081969000,1608109862000,ISSUE
willmcgugan,rich,Tzeusy,closed,504,1,1608225685000,1608081547000,1608225685000,ISSUE
willmcgugan,rich,Benjaminelpro7737,closed,503,1,1608129945000,1608076509000,1608109881000,ISSUE
willmcgugan,rich,robinwhittleton,closed,502,3,1608191719000,1608069828000,1608111018000,ISSUE
willmcgugan,rich,acabal,closed,501,6,1608071278000,1608051562000,1608071278000,ISSUE
willmcgugan,rich,donno2048,open,500,1,1608040113000,1608039941000,,PR
willmcgugan,rich,donno2048,closed,499,2,1608039990000,1608035010000,1608038286000,ISSUE
willmcgugan,rich,piyush-das,closed,498,1,1608033200000,1608031843000,1608033200000,ISSUE
willmcgugan,rich,tgdn,closed,497,6,1608111567000,1608030175000,1608111567000,ISSUE
willmcgugan,rich,kia152,closed,496,0,1608033210000,1608029348000,1608033210000,ISSUE
willmcgugan,rich,davised,closed,495,2,1608033243000,1608021033000,1608033242000,PR
willmcgugan,rich,Franklin-oss,closed,494,1,1608021154000,1608021018000,1608021154000,ISSUE
willmcgugan,rich,davised,closed,493,2,1608035136000,1607989262000,1608035136000,ISSUE
willmcgugan,rich,kia152,closed,492,0,1608029279000,1607982412000,1608022859000,ISSUE
willmcgugan,rich,jihatlussy,closed,491,1,1607968979000,1607968770000,1607968979000,ISSUE
willmcgugan,rich,ThaGrimeyone,closed,490,2,1607961640000,1607961015000,1607961640000,ISSUE
willmcgugan,rich,ThaGrimeyone,closed,489,5,1607961629000,1607960675000,1607961629000,ISSUE
willmcgugan,rich,ThaGrimeyone,closed,488,0,1607959564000,1607958729000,1607959564000,ISSUE
willmcgugan,rich,nathanrpage97,closed,486,2,1607961671000,1607898890000,1607961671000,PR
willmcgugan,rich,jph00,closed,485,6,1608307892000,1607880149000,1608307892000,ISSUE
willmcgugan,rich,nicofirst1,closed,481,10,1607773234000,1607763798000,1607773052000,ISSUE
willmcgugan,rich,willmcgugan,closed,480,1,1607703234000,1607702980000,1607703199000,PR
willmcgugan,rich,willmcgugan,closed,479,1,1607621369000,1607620046000,1607621366000,PR
willmcgugan,rich,abloch,closed,478,2,1607696872000,1607555953000,1607696872000,PR
willmcgugan,rich,grolinet,closed,477,1,1607776248000,1607533012000,1607776247000,ISSUE
willmcgugan,rich,frozen47,closed,476,2,1607507586000,1607505940000,1607506030000,ISSUE
willmcgugan,rich,bartzy,closed,475,1,1607776261000,1607429906000,1607776260000,ISSUE
willmcgugan,rich,kdcloverkid,closed,474,1,1607411474000,1607376840000,1607411474000,ISSUE
willmcgugan,rich,DarrenIce,closed,472,5,1607331004000,1607312484000,1607331004000,ISSUE
willmcgugan,rich,amal-khailtash,open,471,1,1607989175000,1607300564000,,ISSUE
willmcgugan,rich,mc436572,closed,470,3,1607698027000,1607263623000,1607698027000,ISSUE
willmcgugan,rich,withshubh,closed,469,3,1607270952000,1607257679000,1607268447000,PR
willmcgugan,rich,beanaroo,closed,468,0,1607703199000,1607242858000,1607703199000,ISSUE
willmcgugan,rich,lagmoellertim,closed,467,4,1607222144000,1607170797000,1607222143000,ISSUE
willmcgugan,rich,blueset,closed,466,2,1607269221000,1607058342000,1607268503000,ISSUE
willmcgugan,rich,DarrenIce,closed,465,13,1607331033000,1607054213000,1607331033000,ISSUE
willmcgugan,rich,willmcgugan,closed,464,1,1607030749000,1607016059000,1607030711000,PR
willmcgugan,rich,heavelock,closed,461,3,1606991755000,1606924858000,1606991755000,PR
willmcgugan,rich,bartzy,closed,460,1,1607084722000,1606837361000,1607084722000,ISSUE
willmcgugan,rich,bartzy,closed,459,3,1606901878000,1606820810000,1606901878000,ISSUE
willmcgugan,rich,bradh11,closed,458,9,1606765738000,1606753137000,1606765738000,ISSUE
willmcgugan,rich,mheden,closed,457,5,1607776310000,1606740663000,1607776310000,ISSUE
willmcgugan,rich,GTxx,closed,456,2,1606752551000,1606727103000,1606752551000,PR
willmcgugan,rich,nneonneo,closed,455,2,1607700225000,1606688743000,1607700225000,PR
willmcgugan,rich,hhoeflin,closed,454,2,1606654834000,1606651792000,1606654834000,ISSUE
willmcgugan,rich,bandoos,closed,453,3,1607022550000,1606610372000,1606610654000,ISSUE
willmcgugan,rich,willmcgugan,closed,452,1,1606842655000,1606584671000,1606842627000,PR
willmcgugan,rich,sondrelg,closed,451,2,1607017276000,1606571946000,1606948329000,PR
willmcgugan,rich,hhoeflin,closed,450,2,1606842627000,1606549826000,1606842627000,ISSUE
willmcgugan,rich,Mr-Milk,closed,449,7,1607776377000,1606530966000,1607776377000,ISSUE
willmcgugan,rich,willmcgugan,closed,448,1,1606507880000,1606507510000,1606507876000,PR
willmcgugan,rich,dongkwan-kim,closed,447,2,1606398565000,1606397562000,1606397756000,PR
willmcgugan,rich,ssbarnea,closed,446,1,1606674482000,1606396544000,1606674482000,ISSUE
willmcgugan,rich,willmcgugan,closed,445,0,1606507876000,1606395576000,1606507876000,ISSUE
willmcgugan,rich,willmcgugan,closed,444,0,1606344487000,1606344476000,1606344483000,PR
willmcgugan,rich,willmcgugan,closed,443,1,1606344005000,1606326658000,1606344002000,PR
willmcgugan,rich,jabbalaci,closed,442,8,1606136713000,1606131287000,1606135448000,ISSUE
willmcgugan,rich,schneiderfelipe,closed,440,4,1605876593000,1605821693000,1605876593000,ISSUE
willmcgugan,rich,erezsh,closed,439,5,1605787891000,1605786031000,1605787891000,ISSUE
willmcgugan,rich,ssbarnea,closed,438,5,1607700621000,1605528285000,1607696966000,ISSUE
willmcgugan,rich,Star9daisy,closed,436,2,1605328672000,1605262661000,1605328672000,ISSUE
willmcgugan,rich,paw-lu,closed,434,4,1605232368000,1604977084000,1605232368000,ISSUE
willmcgugan,rich,turbaszek,closed,433,3,1604924171000,1604875696000,1604924170000,ISSUE
willmcgugan,rich,asvetlov,closed,432,6,1607085122000,1604849271000,1607084747000,ISSUE
willmcgugan,rich,willmcgugan,closed,431,1,1604763045000,1604762693000,1604763042000,PR
willmcgugan,rich,mlavasi,closed,429,3,1604661570000,1604661141000,1604661222000,ISSUE
willmcgugan,rich,fridex,closed,428,2,1604415242000,1604411985000,1604415241000,ISSUE
willmcgugan,rich,The-Compiler,closed,426,2,1604330220000,1604327758000,1604330220000,PR
willmcgugan,rich,Zethson,closed,425,1,1604324473000,1604324380000,1604324473000,PR
willmcgugan,rich,ocurero,closed,424,1,1604833537000,1604273609000,1604833537000,ISSUE
willmcgugan,rich,ssbarnea,closed,423,1,1604838942000,1604224474000,1604838942000,PR
willmcgugan,rich,Senpos,closed,421,1,1607777227000,1604164458000,1607777227000,PR
willmcgugan,rich,juniorRubyist,closed,420,3,1605781601000,1604163120000,1605781601000,PR
willmcgugan,rich,willmcgugan,closed,419,3,1604763397000,1604153003000,1604763381000,PR
willmcgugan,rich,jorisroovers,closed,418,3,1607776495000,1604071460000,1606752410000,ISSUE
willmcgugan,rich,Schira4396,closed,417,4,1604152073000,1604036666000,1604152073000,ISSUE
willmcgugan,rich,iMashhadi,closed,416,3,1603987335000,1603984464000,1603986802000,ISSUE
willmcgugan,rich,iMashhadi,closed,415,3,1603966587000,1603965721000,1603965879000,ISSUE
willmcgugan,rich,ssbarnea,closed,413,2,1603817940000,1603817713000,1603817940000,PR
willmcgugan,rich,FedeClaudi,closed,408,4,1603914326000,1603623565000,1603817332000,ISSUE
willmcgugan,rich,pwwang,closed,407,3,1604155501000,1603606726000,1604155501000,PR
willmcgugan,rich,nathanrpage97,closed,406,1,1607445454000,1603579463000,1607445454000,ISSUE
willmcgugan,rich,pwwang,closed,403,5,1603573738000,1603484580000,1603548635000,PR
willmcgugan,rich,willmcgugan,closed,402,1,1603472113000,1603399914000,1603472110000,PR
willmcgugan,rich,ibeex,closed,401,7,1606752398000,1603369270000,1606752398000,ISSUE
willmcgugan,rich,1dancook,closed,400,2,1603367087000,1603333379000,1603367087000,ISSUE
willmcgugan,rich,ubaumann,closed,398,2,1603467829000,1603311789000,1603467828000,PR
willmcgugan,rich,ubaumann,closed,397,2,1603467658000,1603308376000,1603467658000,PR
willmcgugan,rich,kpister,closed,396,3,1604838213000,1603307402000,1604838204000,ISSUE
willmcgugan,rich,paw-lu,closed,395,2,1603297108000,1603168771000,1603297108000,ISSUE
willmcgugan,rich,aroberge,closed,394,2,1603186581000,1603149442000,1603186581000,ISSUE
willmcgugan,rich,naveen521kk,closed,393,3,1603122830000,1603098785000,1603122830000,ISSUE
willmcgugan,rich,fmaida,closed,392,1,1603097657000,1603027843000,1603097656000,ISSUE
willmcgugan,rich,willmcgugan,closed,391,1,1603019254000,1603018308000,1603019251000,PR
willmcgugan,rich,patriksvensson,closed,390,2,1602932596000,1602931727000,1602931969000,PR
willmcgugan,rich,willmcgugan,closed,389,1,1602848478000,1602846996000,1602848475000,PR
willmcgugan,rich,stolarczyk,closed,388,9,1605792536000,1602785373000,1603129716000,ISSUE
willmcgugan,rich,Honno,closed,387,6,1602856107000,1602781595000,1602856105000,PR
willmcgugan,rich,Edward-Knight,closed,385,4,1603020178000,1602711768000,1603020178000,ISSUE
willmcgugan,rich,sanga,closed,383,4,1603029530000,1602659223000,1603029530000,ISSUE
willmcgugan,rich,nathanrpage97,closed,382,19,1607726207000,1602604638000,1607010006000,PR
willmcgugan,rich,amartya-dev,closed,380,4,1602855869000,1602552552000,1602855866000,PR
willmcgugan,rich,nschloe,closed,379,1,1602577935000,1602536043000,1602577935000,ISSUE
willmcgugan,rich,nschloe,closed,378,8,1603472500000,1602535965000,1603472499000,ISSUE
willmcgugan,rich,willmcgugan,closed,376,1,1602434636000,1602434148000,1602434632000,PR
willmcgugan,rich,pdumoulin,closed,375,2,1602429309000,1602424563000,1602429308000,ISSUE
willmcgugan,rich,GeekDuanLian,closed,374,3,1602422857000,1602346679000,1602421727000,ISSUE
willmcgugan,rich,willmcgugan,closed,373,1,1602427423000,1602338824000,1602427420000,PR
willmcgugan,rich,Edward-Knight,closed,372,2,1602337779000,1602337050000,1602337779000,PR
willmcgugan,rich,deppiedave64,closed,371,2,1602672309000,1602267051000,1602672309000,PR
willmcgugan,rich,char101,closed,370,4,1602266788000,1602261510000,1602266788000,ISSUE
willmcgugan,rich,Edward-Knight,closed,369,4,1602254124000,1602186757000,1602254124000,PR
willmcgugan,rich,willmcgugan,closed,368,1,1602255226000,1602177750000,1602254924000,PR
willmcgugan,rich,deppiedave64,closed,367,2,1602176298000,1602175240000,1602176295000,PR
willmcgugan,rich,ssbarnea,open,366,1,1605189588000,1602157535000,,PR
willmcgugan,rich,evantkchong,closed,365,8,1602438031000,1602155219000,1602430567000,PR
willmcgugan,rich,deppiedave64,closed,364,4,1602177444000,1602143196000,1602177444000,ISSUE
willmcgugan,rich,megaserg,closed,362,2,1602163053000,1602129666000,1602163053000,PR
willmcgugan,rich,megaserg,closed,361,11,1602839494000,1602128429000,1602839486000,PR
willmcgugan,rich,sandrotosi,closed,360,7,1602277132000,1602126980000,1602250599000,ISSUE
willmcgugan,rich,ssbarnea,closed,359,0,1603559400000,1602089685000,1603559400000,PR
willmcgugan,rich,FedeClaudi,closed,358,2,1602071785000,1602069304000,1602071785000,ISSUE
willmcgugan,rich,ssbarnea,closed,356,1,1602149785000,1602061610000,1602149785000,PR
willmcgugan,rich,ssbarnea,open,355,6,1602346720000,1602061332000,,ISSUE
willmcgugan,rich,ssbarnea,closed,354,7,1602087706000,1602060485000,1602063037000,PR
willmcgugan,rich,nathanielCherian,closed,352,2,1602056630000,1602030485000,1602056629000,PR
willmcgugan,rich,rednafi,closed,351,2,1602085966000,1602019217000,1602085965000,ISSUE
willmcgugan,rich,jimms,closed,350,2,1602062212000,1602009756000,1602062212000,PR
willmcgugan,rich,willmcgugan,closed,349,1,1602252111000,1602001558000,1602252111000,PR
willmcgugan,rich,ssbarnea,closed,348,3,1604238488000,1601996128000,1604238487000,PR
willmcgugan,rich,ssbarnea,closed,347,4,1602149962000,1601995490000,1602149962000,PR
willmcgugan,rich,ssbarnea,closed,346,2,1602060201000,1601990955000,1601991647000,ISSUE
willmcgugan,rich,ssbarnea,closed,345,2,1601996744000,1601990937000,1601996744000,ISSUE
willmcgugan,rich,ssbarnea,closed,343,11,1604577949000,1601974551000,1602346600000,ISSUE
willmcgugan,rich,jimms,closed,341,2,1602004594000,1601934503000,1601976729000,PR
willmcgugan,rich,willmcgugan,closed,340,4,1602255209000,1601934105000,1602255209000,ISSUE
willmcgugan,rich,nestoralonso,closed,337,1,1602150943000,1601851871000,1602150943000,PR
willmcgugan,rich,nestoralonso,closed,336,4,1601852079000,1601843898000,1601852079000,PR
willmcgugan,rich,NicholasBlackburn1,closed,335,5,1601848680000,1601843852000,1601848680000,PR
willmcgugan,rich,phase06,closed,334,3,1602352723000,1601836764000,1602352723000,PR
willmcgugan,rich,busybee23,closed,333,2,1601824877000,1601819093000,1601821488000,PR
willmcgugan,rich,naveen521kk,closed,330,10,1601821344000,1601812392000,1601821344000,ISSUE
willmcgugan,rich,Jamesbond8002,closed,329,1,1601803190000,1601794680000,1601803189000,PR
willmcgugan,rich,oleksis,closed,328,5,1601920482000,1601759526000,1601920482000,PR
willmcgugan,rich,ubaumann,closed,327,5,1602178159000,1601759151000,1602151859000,PR
willmcgugan,rich,amartya-dev,closed,326,5,1601920429000,1601753947000,1601920429000,PR
willmcgugan,rich,willmcgugan,closed,325,5,1602149928000,1601734720000,1602149928000,ISSUE
willmcgugan,rich,ssbarnea,closed,324,1,1601735050000,1601727643000,1601735050000,ISSUE
willmcgugan,rich,Rubo3,closed,323,14,1602435679000,1601667456000,1601933725000,ISSUE
willmcgugan,rich,mathisloevenich,closed,321,1,1601648445000,1601638433000,1601648445000,ISSUE
willmcgugan,rich,jdrusso,closed,319,2,1601655229000,1601585314000,1601655229000,ISSUE
willmcgugan,rich,FedeClaudi,closed,318,14,1606479546000,1601582052000,1604838805000,ISSUE
willmcgugan,rich,ssbarnea,closed,317,2,1602142574000,1601550887000,1602142574000,ISSUE
willmcgugan,rich,The-Compiler,closed,316,2,1601630672000,1601549410000,1601630672000,ISSUE
willmcgugan,rich,The-Compiler,closed,315,3,1601633531000,1601549335000,1601633531000,ISSUE
willmcgugan,rich,ssbarnea,closed,314,2,1601633975000,1601544896000,1601630611000,ISSUE
willmcgugan,rich,ssbarnea,closed,313,1,1601629249000,1601544461000,1601629249000,ISSUE
willmcgugan,rich,ssbarnea,closed,312,3,1606298446000,1601538572000,1601629792000,ISSUE
willmcgugan,rich,joaqo,closed,311,2,1601633676000,1601490385000,1601633675000,PR
willmcgugan,rich,willmcgugan,closed,310,1,1601731549000,1601455785000,1601731541000,PR
willmcgugan,rich,joaqo,closed,309,2,1601490766000,1601309851000,1601386631000,ISSUE
willmcgugan,rich,willmcgugan,closed,307,1,1601132891000,1601132223000,1601132888000,PR
willmcgugan,rich,codenotworking,closed,306,2,1601724838000,1600887371000,1601717032000,ISSUE
willmcgugan,rich,willmcgugan,closed,305,1,1600874214000,1600873971000,1600874211000,PR
willmcgugan,rich,FedeClaudi,closed,304,2,1600874820000,1600871114000,1600874820000,ISSUE
willmcgugan,rich,taliraj,closed,303,7,1601035813000,1600815697000,1601035813000,PR
willmcgugan,rich,ptmcg,closed,302,3,1600874620000,1600798517000,1600874620000,PR
willmcgugan,rich,ptmcg,closed,301,3,1600875458000,1600794467000,1600875457000,ISSUE
willmcgugan,rich,BIGBALLON,closed,300,2,1600789758000,1600761789000,1600789758000,PR
willmcgugan,rich,deb17,closed,299,2,1601266929000,1600749890000,1601266929000,ISSUE
willmcgugan,rich,taliraj,closed,298,2,1601045444000,1600714007000,1601045444000,ISSUE
willmcgugan,rich,taliraj,closed,297,3,1600728127000,1600645400000,1600721740000,PR
willmcgugan,rich,oleksis,closed,296,2,1600610729000,1600576464000,1600610729000,PR
willmcgugan,rich,ssbarnea,closed,295,8,1604238487000,1600521602000,1604238487000,ISSUE
willmcgugan,rich,ssbarnea,closed,294,2,1600538305000,1600520890000,1600538305000,PR
willmcgugan,rich,ssbarnea,closed,293,3,1603020330000,1600516505000,1603020330000,ISSUE
willmcgugan,rich,oleksis,closed,291,2,1600406235000,1600402427000,1600403733000,ISSUE
willmcgugan,rich,oleksis,closed,290,3,1600445927000,1600366825000,1600442027000,PR
willmcgugan,rich,dtrodrigues,closed,289,3,1600483555000,1600345741000,1600442123000,PR
willmcgugan,rich,paw-lu,closed,288,2,1600442262000,1600313420000,1600442262000,PR
willmcgugan,rich,willmcgugan,closed,287,1,1600443007000,1600277260000,1600443007000,PR
willmcgugan,rich,tomchristie,closed,286,2,1600270034000,1600267771000,1600270034000,PR
willmcgugan,rich,hedythedev,closed,285,2,1600269815000,1600241424000,1600269815000,PR
willmcgugan,rich,tomchristie,closed,284,3,1600508317000,1600199170000,1600508262000,ISSUE
willmcgugan,rich,adamgayoso,closed,283,4,1600430419000,1600194993000,1600430419000,ISSUE
willmcgugan,rich,neutrinoceros,closed,282,2,1600117818000,1600106046000,1600117818000,ISSUE
willmcgugan,rich,wilmington,closed,279,8,1602254124000,1600031858000,1602254124000,ISSUE
willmcgugan,rich,hedythedev,closed,278,1,1600005362000,1600002935000,1600005362000,PR
willmcgugan,rich,willmcgugan,closed,277,1,1600101763000,1599998297000,1600101760000,PR
willmcgugan,rich,timgates42,closed,276,1,1599858783000,1599857907000,1599858783000,PR
willmcgugan,rich,nschloe,closed,275,2,1599663938000,1599658721000,1599663938000,ISSUE
willmcgugan,rich,nschloe,closed,274,3,1601911273000,1599656495000,1599657507000,ISSUE
willmcgugan,rich,aklajnert,closed,273,2,1599655628000,1599653012000,1599655627000,PR
willmcgugan,rich,aklajnert,closed,272,2,1599655627000,1599635949000,1599655627000,ISSUE
willmcgugan,rich,pwwang,closed,271,4,1599765917000,1599507777000,1599765916000,ISSUE
willmcgugan,rich,willmcgugan,closed,270,1,1599494878000,1599493537000,1599494838000,PR
willmcgugan,rich,tilda,closed,269,2,1599484224000,1599483228000,1599484224000,ISSUE
willmcgugan,rich,skonik,closed,268,2,1599504198000,1599337529000,1599503740000,ISSUE
willmcgugan,rich,EvokerKing,closed,267,3,1600117052000,1599311517000,1599430726000,ISSUE
willmcgugan,rich,mschmidtkorth,closed,266,1,1599471726000,1599236489000,1599471726000,ISSUE
willmcgugan,rich,ssbarnea,closed,265,1,1599858810000,1599231074000,1599858810000,ISSUE
willmcgugan,rich,ssbarnea,closed,264,2,1600608032000,1599229504000,1599471737000,ISSUE
willmcgugan,rich,legacy-code,closed,263,5,1599225747000,1599159794000,1599209326000,ISSUE
willmcgugan,rich,scherrey,closed,262,2,1599016706000,1598974995000,1599016706000,ISSUE
willmcgugan,rich,e0lithic,closed,261,2,1598968113000,1598933771000,1598968113000,ISSUE
willmcgugan,rich,nathanrpage97,closed,260,3,1598913375000,1598903038000,1598913375000,PR
willmcgugan,rich,tilda,closed,259,2,1598878696000,1598863787000,1598878696000,ISSUE
willmcgugan,rich,aroberge,closed,258,9,1600444013000,1598790390000,1600444013000,ISSUE
willmcgugan,rich,paw-lu,closed,257,2,1598796572000,1598742670000,1598796572000,ISSUE
willmcgugan,rich,mnhauke,closed,255,2,1602337779000,1598382978000,1602337779000,ISSUE
willmcgugan,rich,willmcgugan,closed,254,1,1598372851000,1598371819000,1598372848000,PR
willmcgugan,rich,ssbarnea,closed,253,4,1599917840000,1598355781000,1599917840000,ISSUE
willmcgugan,rich,jeyca,closed,252,5,1598631696000,1598349022000,1598631696000,ISSUE
willmcgugan,rich,JettChenT,closed,251,1,1598359027000,1598274704000,1598359027000,PR
willmcgugan,rich,JettChenT,closed,250,2,1598362731000,1598274487000,1598362731000,PR
willmcgugan,rich,myrmica-habilis,closed,248,1,1598353057000,1598129038000,1598353057000,ISSUE
willmcgugan,rich,Imipenem,closed,247,2,1598190606000,1598126397000,1598190606000,ISSUE
willmcgugan,rich,hedythedev,closed,246,5,1598002991000,1597928526000,1598002744000,PR
willmcgugan,rich,aquemy,closed,245,2,1597915331000,1597914812000,1597915331000,ISSUE
willmcgugan,rich,bphunter1972,closed,244,2,1597984510000,1597893457000,1597984510000,ISSUE
willmcgugan,rich,bphunter1972,closed,243,3,1598374467000,1597891986000,1598374466000,ISSUE
willmcgugan,rich,ezzra,closed,242,1,1597921459000,1597858121000,1597921459000,ISSUE
willmcgugan,rich,bedangSen,closed,241,2,1597914972000,1597857524000,1597914972000,ISSUE
willmcgugan,rich,WayneLambert,closed,240,5,1597865123000,1597853730000,1597865123000,ISSUE
willmcgugan,rich,jeyca,closed,239,4,1598093083000,1597846095000,1598026638000,ISSUE
willmcgugan,rich,willmcgugan,closed,238,1,1597915068000,1597830121000,1597915068000,PR
willmcgugan,rich,ssbarnea,closed,237,1,1597915004000,1597779191000,1597915004000,ISSUE
willmcgugan,rich,adamgayoso,closed,236,5,1598177892000,1597765994000,1598177892000,ISSUE
willmcgugan,rich,The-Compiler,closed,235,2,1598006190000,1597764482000,1597915068000,ISSUE
willmcgugan,rich,hadrianl,closed,233,2,1597915221000,1597633395000,1597915221000,ISSUE
willmcgugan,rich,hedythedev,closed,232,2,1597578324000,1597576922000,1597578324000,PR
willmcgugan,rich,towa,closed,231,2,1597563573000,1597480160000,1597563573000,ISSUE
willmcgugan,rich,browniebroke,closed,230,2,1597329515000,1597319067000,1597329515000,PR
willmcgugan,rich,willmcgugan,closed,229,1,1597421892000,1597263732000,1597421688000,PR
willmcgugan,rich,pim-hoeven,closed,228,3,1597151323000,1597077389000,1597151322000,PR
willmcgugan,rich,willmcgugan,closed,227,1,1597074250000,1597073934000,1597074249000,PR
willmcgugan,rich,GeekDuanLian,closed,226,2,1597245224000,1597058879000,1597245223000,ISSUE
willmcgugan,rich,willmcgugan,closed,224,1,1596982707000,1596976544000,1596982632000,PR
willmcgugan,rich,akrk1986,closed,223,1,1596992562000,1596963654000,1596992561000,ISSUE
willmcgugan,rich,benleb,closed,222,2,1596961126000,1596935919000,1596961115000,PR
willmcgugan,rich,willmcgugan,closed,221,1,1596915394000,1596904810000,1596915391000,PR
willmcgugan,rich,ColMcp,closed,220,2,1596992608000,1596903040000,1596992607000,ISSUE
willmcgugan,rich,ericthkr,closed,219,4,1596917582000,1596887722000,1596917582000,PR
willmcgugan,rich,ziofil,closed,218,3,1596900065000,1596810845000,1596899796000,ISSUE
willmcgugan,rich,pim-hoeven,closed,217,2,1596836653000,1596810006000,1596836653000,PR
willmcgugan,rich,umazanatastatura,closed,216,2,1596738705000,1596736551000,1596737903000,ISSUE
willmcgugan,rich,resparis,closed,215,1,1596725778000,1596716398000,1596725778000,ISSUE
willmcgugan,rich,mbarkhau,closed,214,3,1596885068000,1596710800000,1596711687000,ISSUE
willmcgugan,rich,Zoarli,closed,213,0,1596666875000,1596666834000,1596666875000,ISSUE
willmcgugan,rich,DonBraulio,closed,212,7,1597087833000,1596661649000,1597087833000,ISSUE
willmcgugan,rich,tirkarthi,closed,211,3,1596633513000,1596632985000,1596633459000,PR
willmcgugan,rich,tirkarthi,closed,210,0,1596633459000,1596632880000,1596633459000,ISSUE
willmcgugan,rich,rakesh4real,closed,209,1,1596634276000,1596631685000,1596634276000,ISSUE
willmcgugan,rich,JettChenT,closed,208,2,1596632991000,1596588344000,1596632991000,PR
willmcgugan,rich,hedythedev,closed,207,12,1597562817000,1596585896000,1597395433000,PR
willmcgugan,rich,akrk1986,closed,206,10,1597257803000,1596524375000,1596542351000,ISSUE
willmcgugan,rich,joaqo,closed,205,7,1596564511000,1596519727000,1596556772000,ISSUE
willmcgugan,rich,hedythedev,closed,204,6,1597395432000,1596516130000,1597395432000,ISSUE
willmcgugan,rich,ocurero,closed,203,3,1596483289000,1596472050000,1596483288000,ISSUE
willmcgugan,rich,Samreay,closed,202,5,1596546467000,1596462273000,1596546467000,ISSUE
willmcgugan,rich,nathanrpage97,closed,201,2,1596532128000,1596398144000,1596532128000,PR
willmcgugan,rich,jeremyschulman,closed,200,13,1596398482000,1596325549000,1596382637000,ISSUE
willmcgugan,rich,willmcgugan,closed,199,1,1596366520000,1596300414000,1596366517000,PR
willmcgugan,rich,S0Ulle33,closed,198,2,1596284661000,1596283278000,1596284661000,PR
willmcgugan,rich,S0Ulle33,closed,197,1,1596284661000,1596275921000,1596284661000,ISSUE
willmcgugan,rich,jeremyschulman,closed,196,2,1596230207000,1596208328000,1596230206000,ISSUE
willmcgugan,rich,Niraj-Kamdar,closed,195,5,1596380722000,1596197900000,1596380722000,ISSUE
willmcgugan,rich,willmcgugan,closed,193,1,1596142182000,1596131935000,1596142179000,PR
willmcgugan,rich,pwwang,closed,192,5,1596049903000,1596045186000,1596049903000,ISSUE
willmcgugan,rich,willmcgugan,closed,191,1,1596045245000,1596043840000,1596045245000,PR
willmcgugan,rich,aklajnert,closed,190,9,1596085851000,1596015472000,1596085851000,ISSUE
willmcgugan,rich,Niraj-Kamdar,closed,189,2,1596062824000,1596013529000,1596062824000,ISSUE
willmcgugan,rich,clintonc,closed,187,3,1596346031000,1595999007000,1596187799000,PR
willmcgugan,rich,GSGBen,closed,186,6,1596405040000,1595977138000,1596380743000,ISSUE
willmcgugan,rich,akhileshraju,closed,185,1,1595927956000,1595893152000,1595927956000,ISSUE
willmcgugan,rich,snooppr,closed,184,3,1595881339000,1595830656000,1595881338000,ISSUE
willmcgugan,rich,fenilgandhi,closed,183,2,1595909895000,1595801852000,1595868501000,PR
willmcgugan,rich,nathanrpage97,closed,182,3,1596122792000,1595792553000,1596026267000,PR
willmcgugan,rich,minimaxir,closed,181,2,1595902792000,1595791817000,1595902792000,ISSUE
willmcgugan,rich,willmcgugan,closed,180,1,1595868163000,1595784439000,1595868101000,PR
willmcgugan,rich,Simon-Chenzw,closed,179,1,1595773304000,1595766329000,1595773304000,ISSUE
willmcgugan,rich,myrmica-habilis,closed,178,6,1595930006000,1595763658000,1595926362000,ISSUE
willmcgugan,rich,willmcgugan,closed,177,1,1595773809000,1595762105000,1595773791000,PR
willmcgugan,rich,kentmartin73,closed,176,3,1606992115000,1595704842000,1595868327000,ISSUE
willmcgugan,rich,prabhu,closed,175,1,1595607737000,1595604302000,1595607737000,ISSUE
willmcgugan,rich,willmcgugan,closed,172,1,1595520130000,1595519382000,1595520126000,PR
willmcgugan,rich,ewels,closed,171,4,1595580854000,1595485666000,1595580854000,ISSUE
willmcgugan,rich,ewels,closed,170,4,1595580864000,1595484126000,1595580864000,ISSUE
willmcgugan,rich,hedythedev,closed,169,3,1595495677000,1595465557000,1595495677000,PR
willmcgugan,rich,hedythedev,closed,168,2,1595463039000,1595462708000,1595462954000,PR
willmcgugan,rich,willmcgugan,closed,167,1,1595434600000,1595432730000,1595434596000,PR
willmcgugan,rich,ocurero,closed,166,5,1595495719000,1595431309000,1595495719000,ISSUE
willmcgugan,rich,steven-murray,closed,165,5,1595430517000,1595365368000,1595430517000,ISSUE
willmcgugan,rich,The-Judge,closed,164,6,1606752374000,1595321582000,1606752374000,ISSUE
willmcgugan,rich,leej11,closed,163,4,1600694415000,1595241244000,1595322207000,ISSUE
willmcgugan,rich,nmstoker,closed,162,5,1597192707000,1595162848000,1595167921000,ISSUE
willmcgugan,rich,ewels,closed,161,1,1594892895000,1594886866000,1594892851000,PR
willmcgugan,rich,hedythedev,closed,160,2,1594809640000,1594803273000,1594809640000,PR
willmcgugan,rich,rayanht,closed,159,1,1594809857000,1594679204000,1594809857000,ISSUE
willmcgugan,rich,jpfeuffer,closed,158,3,1594654098000,1594642763000,1594654097000,ISSUE
willmcgugan,rich,AcidWeb,closed,157,2,1594632800000,1594587859000,1594632800000,ISSUE
willmcgugan,rich,willmcgugan,closed,156,0,1594567566000,1594567094000,1594567563000,PR
willmcgugan,rich,hedythedev,closed,155,2,1595462965000,1594536199000,1594541949000,PR
willmcgugan,rich,cansarigol,closed,154,1,1594482424000,1594478639000,1594478740000,PR
willmcgugan,rich,cansarigol,closed,153,8,1597222901000,1594465531000,1597222901000,ISSUE
willmcgugan,rich,willmcgugan,closed,152,0,1594399554000,1594393910000,1594399550000,PR
willmcgugan,rich,yumere,closed,151,2,1594604271000,1594347758000,1594570947000,ISSUE
willmcgugan,rich,jderagon,closed,150,4,1594649189000,1594316027000,1594649189000,ISSUE
willmcgugan,rich,willmcgugan,closed,149,1,1594574736000,1594309727000,1594310534000,PR
willmcgugan,rich,traviscook21,closed,148,6,1600422917000,1594229994000,1594316341000,ISSUE
willmcgugan,rich,Congee,closed,147,7,1599503336000,1594222338000,1594246701000,ISSUE
willmcgugan,rich,jpfeuffer,closed,146,2,1594223948000,1594202511000,1594223948000,ISSUE
willmcgugan,rich,alexmojaki,closed,145,2,1606752355000,1594148655000,1606752355000,ISSUE
willmcgugan,rich,willmcgugan,closed,144,0,1594138147000,1594132476000,1594138140000,PR
willmcgugan,rich,erezsh,closed,143,2,1594116909000,1594110861000,1594116909000,ISSUE
willmcgugan,rich,vlerenc,closed,142,4,1594122456000,1594034392000,1594122456000,ISSUE
willmcgugan,rich,samarsault,closed,141,2,1594035378000,1594028844000,1594033740000,PR
willmcgugan,rich,DHowett,closed,140,3,1594630946000,1594001637000,1594630946000,ISSUE
willmcgugan,rich,DHowett,closed,139,1,1594630959000,1594001343000,1594630959000,ISSUE
willmcgugan,rich,MasterOdin,closed,138,1,1594537565000,1593977971000,1593986230000,PR
willmcgugan,rich,luiscachog,closed,137,2,1593828723000,1593816005000,1593828722000,ISSUE
willmcgugan,rich,willmcgugan,closed,136,0,1594655263000,1593800491000,1593800814000,PR
willmcgugan,rich,Niraj-Kamdar,closed,135,23,1593879237000,1593783489000,1593800959000,ISSUE
willmcgugan,rich,Zethson,closed,134,9,1606334903000,1593769241000,1595274152000,ISSUE
willmcgugan,rich,luiscachog,closed,133,0,1593733622000,1593733351000,1593733622000,ISSUE
willmcgugan,rich,htarnacki,closed,132,10,1593809581000,1593703685000,1593801024000,ISSUE
willmcgugan,rich,leej11,closed,131,7,1594399940000,1593510065000,1594399940000,ISSUE
willmcgugan,rich,furunkel,closed,130,5,1593535700000,1593458580000,1593535700000,PR
willmcgugan,rich,John-Theo,closed,129,2,1593360495000,1593295388000,1593360495000,ISSUE
willmcgugan,rich,willmcgugan,closed,128,0,1593352228000,1593292856000,1593352160000,PR
willmcgugan,rich,mrzv,closed,127,12,1593614623000,1593230290000,1593614623000,ISSUE
willmcgugan,rich,willmcgugan,closed,126,0,1593189874000,1593189532000,1593189871000,PR
willmcgugan,rich,SinghHrmn,closed,125,8,1593812904000,1593187370000,1593812904000,ISSUE
willmcgugan,rich,willmcgugan,closed,124,0,1593168041000,1593167369000,1593168037000,PR
willmcgugan,rich,willmcgugan,closed,123,0,1593030423000,1593028718000,1593030385000,PR
willmcgugan,rich,jamesb93,closed,122,4,1593110496000,1592999828000,1593110495000,ISSUE
willmcgugan,rich,nvitaly,closed,121,3,1592995884000,1592954057000,1592995884000,ISSUE
willmcgugan,rich,ericxiao251,closed,120,2,1593013802000,1592947336000,1593013802000,ISSUE
willmcgugan,rich,derekn,closed,119,8,1593282658000,1592930791000,1593282658000,ISSUE
willmcgugan,rich,willmcgugan,closed,118,0,1592909219000,1592908877000,1592909193000,PR
willmcgugan,rich,Secozzi,closed,117,1,1592909334000,1592875193000,1592909193000,ISSUE
willmcgugan,rich,willmcgugan,closed,116,0,1592739102000,1592671939000,1592739099000,PR
willmcgugan,rich,lamby,closed,115,2,1592580457000,1592576165000,1592580457000,PR
willmcgugan,rich,sondrelg,closed,114,8,1592739310000,1592574831000,1592739310000,PR
willmcgugan,rich,niktob560,closed,113,1,1592385253000,1592315037000,1592385253000,ISSUE
willmcgugan,rich,calve,closed,112,1,1592298963000,1592291625000,1592298963000,PR
willmcgugan,rich,willmcgugan,closed,111,0,1592140998000,1591992110000,1592140941000,PR
willmcgugan,rich,calebstewart,closed,110,4,1591901246000,1591827987000,1591901245000,ISSUE
willmcgugan,rich,michaelfyc,closed,109,6,1591796968000,1591769015000,1591796968000,ISSUE
willmcgugan,rich,dannguyen,closed,108,1,1591871801000,1591759907000,1591871801000,ISSUE
willmcgugan,rich,smacke,closed,107,2,1591721476000,1591648733000,1591721476000,PR
willmcgugan,rich,nisarg-ujjainkar,closed,106,4,1591897319000,1591635614000,1591729194000,ISSUE
willmcgugan,rich,nmstoker,closed,105,1,1591665718000,1591405101000,1591442291000,PR
willmcgugan,rich,nathanph,closed,104,1,1591442226000,1591383808000,1591442226000,ISSUE
willmcgugan,rich,timfi,closed,103,7,1606752336000,1591353180000,1606752336000,ISSUE
willmcgugan,rich,willmcgugan,closed,102,0,1591521095000,1591285802000,1591521092000,PR
willmcgugan,rich,jwilk,closed,101,1,1591173993000,1591173667000,1591173992000,PR
willmcgugan,rich,Gwill,closed,100,3,1591192783000,1591158669000,1591192721000,ISSUE
willmcgugan,rich,NeuroAssassin,closed,99,8,1591206912000,1591146542000,1591206912000,ISSUE
willmcgugan,rich,cbrnr,closed,98,6,1592484080000,1591109181000,1592484079000,ISSUE
willmcgugan,rich,willmcgugan,closed,97,0,1590934624000,1590934611000,1590934616000,PR
willmcgugan,rich,willmcgugan,closed,96,0,1590934408000,1590934264000,1590934404000,PR
willmcgugan,rich,willmcgugan,closed,95,0,1590835866000,1590835181000,1590835680000,PR
willmcgugan,rich,fgheng,closed,94,6,1590942668000,1590567781000,1590942667000,ISSUE
willmcgugan,rich,Hultner,closed,93,1,1590504740000,1590500152000,1590504740000,PR
willmcgugan,rich,willmcgugan,closed,92,1,1590329383000,1590320527000,1590329380000,PR
willmcgugan,rich,eulertour,closed,91,1,1590355139000,1590318226000,1590322473000,PR
willmcgugan,rich,eulertour,closed,90,4,1590354790000,1590285818000,1590329380000,ISSUE
willmcgugan,rich,ThowV,closed,89,3,1590340294000,1590272536000,1590340294000,ISSUE
willmcgugan,rich,aroberge,closed,88,8,1591002297000,1590230968000,1591002297000,ISSUE
willmcgugan,rich,eulertour,closed,87,13,1592226847000,1590218019000,1592226847000,ISSUE
willmcgugan,rich,efenka,closed,86,2,1589998870000,1589996572000,1589998870000,ISSUE
willmcgugan,rich,aroberge,closed,85,6,1589908553000,1589893944000,1589908553000,ISSUE
willmcgugan,rich,efenka,closed,84,4,1589995512000,1589870876000,1589961632000,ISSUE
willmcgugan,rich,netllama,closed,83,4,1589896186000,1589829433000,1589896186000,ISSUE
willmcgugan,rich,mschmidtkorth,closed,82,8,1590359895000,1589820216000,1590350058000,ISSUE
willmcgugan,rich,bdillahu,closed,81,2,1589723612000,1589681968000,1589723612000,ISSUE
willmcgugan,rich,bdillahu,closed,80,1,1589715916000,1589681768000,1589715915000,ISSUE
willmcgugan,rich,bdillahu,closed,79,1,1589715767000,1589681630000,1589715767000,ISSUE
willmcgugan,rich,Zethson,closed,78,2,1590673734000,1589625897000,1590673734000,ISSUE
willmcgugan,rich,Dude-X,closed,77,15,1603040289000,1589601690000,1603040289000,ISSUE
willmcgugan,rich,mikesmith,closed,76,1,1589652876000,1589576855000,1589629869000,PR
willmcgugan,rich,mrozekma,closed,75,2,1589622435000,1589528178000,1589622435000,ISSUE
willmcgugan,rich,chfw,closed,74,4,1589579416000,1589497780000,1589579416000,ISSUE
willmcgugan,rich,chfw,closed,73,2,1589543507000,1589495393000,1589543507000,ISSUE
willmcgugan,rich,keelung-yang,closed,72,1,1589543535000,1589426505000,1589543535000,ISSUE
willmcgugan,rich,x011,closed,71,2,1589465934000,1589424616000,1589426231000,ISSUE
willmcgugan,rich,fengredrum,closed,70,2,1589428487000,1589383690000,1589384586000,ISSUE
willmcgugan,rich,keelung-yang,closed,69,2,1589362348000,1589350378000,1589362347000,ISSUE
willmcgugan,rich,beojan,closed,68,2,1589369497000,1589301740000,1589369497000,ISSUE
willmcgugan,rich,kiran94,closed,67,1,1589271798000,1589232651000,1589271798000,ISSUE
willmcgugan,rich,luizyao,closed,66,1,1589253131000,1589168729000,1589201202000,PR
willmcgugan,rich,willmcgugan,closed,65,0,1589117491000,1589116655000,1589117487000,PR
willmcgugan,rich,StephenPCG,closed,64,14,1589543430000,1589037327000,1589486022000,ISSUE
willmcgugan,rich,kkapka,closed,63,2,1589402256000,1589036845000,1589402139000,PR
willmcgugan,rich,DarkCode01,closed,62,1,1589028219000,1588974498000,1589028219000,PR
willmcgugan,rich,mrozekma,closed,61,3,1589025722000,1588973028000,1589025722000,ISSUE
willmcgugan,rich,GeekDuanLian,closed,60,2,1589278868000,1588970406000,1589278868000,ISSUE
willmcgugan,rich,vlschmidt,closed,59,6,1588945392000,1588841133000,1588944830000,ISSUE
willmcgugan,rich,frankenstein91,closed,58,9,1588852248000,1588835460000,1588852248000,ISSUE
willmcgugan,rich,mrozekma,closed,57,1,1588941472000,1588792441000,1588941472000,ISSUE
willmcgugan,rich,connorlanewhite,closed,56,2,1588941488000,1588783605000,1588941488000,ISSUE
willmcgugan,rich,nhumrich,closed,55,1,1588943939000,1588780469000,1588943939000,PR
willmcgugan,rich,drapado,closed,54,3,1597742274000,1588761023000,1588770588000,ISSUE
willmcgugan,rich,NightMachinary,closed,53,3,1588779983000,1588751590000,1588770607000,ISSUE
willmcgugan,rich,azrafe7,closed,52,2,1588771888000,1588723731000,1588771727000,ISSUE
willmcgugan,rich,acabal,closed,51,9,1589130197000,1588718676000,1589118221000,ISSUE
willmcgugan,rich,makkus,closed,50,2,1588755766000,1588707969000,1588755766000,ISSUE
willmcgugan,rich,ThangaAyyanar,closed,49,1,1588766173000,1588701709000,1588766173000,ISSUE
willmcgugan,rich,fiveohhh,closed,48,3,1588703723000,1588698523000,1588703723000,ISSUE
willmcgugan,rich,FilipAndersson245,closed,47,2,1588704385000,1588698297000,1588704385000,ISSUE
willmcgugan,rich,fiveohhh,closed,46,0,1588698172000,1588698168000,1588698172000,ISSUE
willmcgugan,rich,fiveohhh,closed,45,0,1588698144000,1588698132000,1588698143000,ISSUE
willmcgugan,rich,Chaz6,closed,44,4,1588941661000,1588672807000,1588941661000,ISSUE
willmcgugan,rich,big-o,closed,43,10,1590942572000,1588670967000,1590942571000,ISSUE
willmcgugan,rich,harperj,closed,42,3,1588706302000,1588655912000,1588706301000,ISSUE
willmcgugan,rich,TrevorS,closed,41,1,1588669174000,1588644995000,1588669174000,PR
willmcgugan,rich,simonw,closed,40,1,1588669148000,1588635723000,1588669148000,PR
willmcgugan,rich,acabal,closed,39,2,1588628654000,1588627825000,1588628654000,ISSUE
willmcgugan,rich,queragion2726,closed,38,1,1587979455000,1587938434000,1587979455000,PR
willmcgugan,rich,willmcgugan,closed,37,8,1606752262000,1587901585000,1606752262000,ISSUE
willmcgugan,rich,coobr01,closed,36,2,1587848810000,1587832376000,1587846123000,ISSUE
willmcgugan,rich,RatanShreshtha,closed,35,3,1587547795000,1587535856000,1587547794000,ISSUE
willmcgugan,rich,Azraeht,closed,34,4,1587459038000,1587458898000,1587459038000,ISSUE
willmcgugan,rich,myrmica-habilis,closed,33,6,1587303656000,1587246610000,1587303656000,ISSUE
willmcgugan,rich,lillian27,closed,32,3,1586875288000,1586627929000,1586875288000,ISSUE
willmcgugan,rich,ytti,closed,31,2,1586695971000,1586610374000,1586695971000,ISSUE
willmcgugan,rich,GeekDuanLian,closed,30,7,1585670234000,1585604820000,1585670234000,ISSUE
willmcgugan,rich,GeekDuanLian,closed,29,1,1585661299000,1585603873000,1585661299000,ISSUE
willmcgugan,rich,wehttvM,closed,28,1,1585557315000,1585555225000,1585557310000,PR
willmcgugan,rich,GeekDuanLian,closed,27,4,1585487688000,1585472542000,1585487688000,ISSUE
willmcgugan,rich,jjmachan,closed,26,5,1585661229000,1585424275000,1585661229000,ISSUE
willmcgugan,rich,GeekDuanLian,closed,25,2,1585310974000,1585279992000,1585310974000,ISSUE
willmcgugan,rich,bphunter1972,closed,24,1,1585298223000,1585252969000,1585298223000,ISSUE
willmcgugan,rich,bphunter1972,closed,23,6,1585335040000,1585252670000,1585335040000,ISSUE
willmcgugan,rich,willmcgugan,closed,22,0,1584465212000,1584397479000,1584465208000,PR
willmcgugan,rich,todoesverso,closed,21,2,1584301398000,1584284746000,1584301397000,ISSUE
willmcgugan,rich,damontallen,closed,20,7,1584207040000,1584205756000,1584207040000,ISSUE
willmcgugan,rich,GeekDuanLian,closed,19,8,1584568832000,1583931767000,1584568831000,ISSUE
willmcgugan,rich,thebigmunch,closed,18,11,1583932796000,1583766280000,1583932796000,ISSUE
willmcgugan,rich,thebigmunch,closed,17,3,1583777664000,1583695754000,1583777664000,ISSUE
willmcgugan,rich,wookayin,closed,16,3,1583730243000,1583635544000,1583672992000,ISSUE
willmcgugan,rich,wookayin,closed,15,5,1583759739000,1583635128000,1583670935000,ISSUE
willmcgugan,rich,thebigmunch,closed,14,20,1584048212000,1583451966000,1584048212000,ISSUE
willmcgugan,rich,darrenburns,closed,13,2,1583754636000,1582656080000,1583754636000,ISSUE
willmcgugan,rich,darrenburns,closed,12,4,1583754617000,1582655631000,1583754617000,ISSUE
willmcgugan,rich,blueyed,closed,11,1,1583251824000,1582576475000,1583251824000,ISSUE
willmcgugan,rich,darrenburns,closed,10,3,1582577530000,1582572885000,1582577530000,ISSUE
willmcgugan,rich,darrenburns,closed,9,2,1583754539000,1582571220000,1583754539000,ISSUE
willmcgugan,rich,thebigmunch,closed,8,3,1583258106000,1582553712000,1583258105000,ISSUE
willmcgugan,rich,dzerrenner,closed,7,3,1580841133000,1580810863000,1580841133000,ISSUE
willmcgugan,rich,nmat,closed,6,1,1580305001000,1580302418000,1580305001000,ISSUE
willmcgugan,rich,adamchainz,closed,5,2,1580204027000,1580203244000,1580204027000,PR
willmcgugan,rich,pfmoore,closed,4,8,1591357006000,1580065661000,1580142218000,ISSUE
willmcgugan,rich,bdice,closed,3,4,1590674285000,1580056139000,1590674284000,ISSUE
willmcgugan,rich,bwalrond,closed,2,9,1583754601000,1580007689000,1583754601000,ISSUE
willmcgugan,rich,naltun,closed,1,4,1580052666000,1579808077000,1580052666000,ISSUE
